account_id,ring_score,pattern,detail
C20695355,1.0,LAYERING,Layering chain participant (score=1.00)
C334722206,1.0,LAYERING,Layering chain participant (score=1.00)
C2010664081,1.0,LAYERING,Layering chain participant (score=1.00)
C1590369311,1.0,LAYERING,Layering chain participant (score=1.00)
C709814692,1.0,LAYERING,Layering chain participant (score=1.00)
C52001156,1.0,LAYERING,Layering chain participant (score=1.00)
C1690582711,1.0,LAYERING,Layering chain participant (score=1.00)
C395598310,1.0,LAYERING,Layering chain participant (score=1.00)
C982554398,1.0,LAYERING,Layering chain participant (score=1.00)
C796518776,1.0,LAYERING,Layering chain participant (score=1.00)
C969277458,1.0,LAYERING,Layering chain participant (score=1.00)
C685420022,1.0,LAYERING,Layering chain participant (score=1.00)
C391273653,1.0,LAYERING,Layering chain participant (score=1.00)
C1931250088,1.0,LAYERING,Layering chain participant (score=1.00)
C403187357,1.0,LAYERING,Layering chain participant (score=1.00)
C1163893456,1.0,LAYERING,Layering chain participant (score=1.00)
C326853902,1.0,LAYERING,Layering chain participant (score=1.00)
C1119776055,1.0,LAYERING,Layering chain participant (score=1.00)
C1219505943,1.0,LAYERING,Layering chain participant (score=1.00)
C1097957850,1.0,LAYERING,Layering chain participant (score=1.00)
C855540901,0.7,FAN_IN+LAYERING,Fan-in hub: 3 unique senders; Layering chain participant (score=1.00)
C1877817663,0.6,FAN_IN,Fan-in hub: 6 unique senders
C409956115,0.5,FAN_IN,Fan-in hub: 5 unique senders
C1073261833,0.5,FAN_IN,Fan-in hub: 5 unique senders
C444141986,0.5,FAN_IN,Fan-in hub: 5 unique senders
C723055144,0.5,FAN_IN,Fan-in hub: 5 unique senders
C503616129,0.5,FAN_IN,Fan-in hub: 5 unique senders
C1346266252,0.5,FAN_IN,Fan-in hub: 5 unique senders
C1671841008,0.5,FAN_IN,Fan-in hub: 5 unique senders
C1735733644,0.5,FAN_IN,Fan-in hub: 5 unique senders
C142912477,0.5,FAN_IN,Fan-in hub: 5 unique senders
C833203294,0.5,FAN_IN,Fan-in hub: 5 unique senders
C260674558,0.5,FAN_IN,Fan-in hub: 5 unique senders
C1672819553,0.5,FAN_IN,Fan-in hub: 5 unique senders
C245054860,0.5,FAN_IN,Fan-in hub: 5 unique senders
C60560601,0.5,FAN_IN,Fan-in hub: 5 unique senders
C1454662243,0.4,FAN_IN,Fan-in hub: 4 unique senders
C606208899,0.4,FAN_IN,Fan-in hub: 4 unique senders
C614406904,0.4,FAN_IN,Fan-in hub: 4 unique senders
C667076483,0.4,FAN_IN,Fan-in hub: 4 unique senders
C1448430357,0.4,FAN_IN,Fan-in hub: 4 unique senders
C639510468,0.4,FAN_IN,Fan-in hub: 4 unique senders
C143665280,0.4,FAN_IN,Fan-in hub: 4 unique senders
C644812401,0.4,FAN_IN,Fan-in hub: 4 unique senders
C1432833589,0.4,FAN_IN,Fan-in hub: 4 unique senders
C1422454320,0.4,FAN_IN,Fan-in hub: 4 unique senders
C654128165,0.4,FAN_IN,Fan-in hub: 4 unique senders
C1404837226,0.4,FAN_IN,Fan-in hub: 4 unique senders
C1414769668,0.4,FAN_IN,Fan-in hub: 4 unique senders
C1440961262,0.4,FAN_IN,Fan-in hub: 4 unique senders
C1550125367,0.4,FAN_IN,Fan-in hub: 4 unique senders
C1480986265,0.4,FAN_IN,Fan-in hub: 4 unique senders
C156150928,0.4,FAN_IN,Fan-in hub: 4 unique senders
C502248737,0.4,FAN_IN,Fan-in hub: 4 unique senders
C1593026077,0.4,FAN_IN,Fan-in hub: 4 unique senders
C1579439357,0.4,FAN_IN,Fan-in hub: 4 unique senders
C157008005,0.4,FAN_IN,Fan-in hub: 4 unique senders
C1569752531,0.4,FAN_IN,Fan-in hub: 4 unique senders
C156772537,0.4,FAN_IN,Fan-in hub: 4 unique senders
C525130533,0.4,FAN_IN,Fan-in hub: 4 unique senders
C526291816,0.4,FAN_IN,Fan-in hub: 4 unique senders
C1559019959,0.4,FAN_IN,Fan-in hub: 4 unique senders
C587951862,0.4,FAN_IN,Fan-in hub: 4 unique senders
C532105661,0.4,FAN_IN,Fan-in hub: 4 unique senders
C1554079554,0.4,FAN_IN,Fan-in hub: 4 unique senders
C685097585,0.4,FAN_IN,Fan-in hub: 4 unique senders
C1541016244,0.4,FAN_IN,Fan-in hub: 4 unique senders
C558516953,0.4,FAN_IN,Fan-in hub: 4 unique senders
C1518666000,0.4,FAN_IN,Fan-in hub: 4 unique senders
C575662398,0.4,FAN_IN,Fan-in hub: 4 unique senders
C1484921022,0.4,FAN_IN,Fan-in hub: 4 unique senders
C68420181,0.4,FAN_IN,Fan-in hub: 4 unique senders
C722183703,0.4,FAN_IN,Fan-in hub: 4 unique senders
C692264054,0.4,FAN_IN,Fan-in hub: 4 unique senders
C1223784651,0.4,FAN_IN,Fan-in hub: 4 unique senders
C763257099,0.4,FAN_IN,Fan-in hub: 4 unique senders
C1278132819,0.4,FAN_IN,Fan-in hub: 4 unique senders
C774818440,0.4,FAN_IN,Fan-in hub: 4 unique senders
C778801861,0.4,FAN_IN,Fan-in hub: 4 unique senders
C793453046,0.4,FAN_IN,Fan-in hub: 4 unique senders
C1237314192,0.4,FAN_IN,Fan-in hub: 4 unique senders
C801357857,0.4,FAN_IN,Fan-in hub: 4 unique senders
C1226697930,0.4,FAN_IN,Fan-in hub: 4 unique senders
C805557013,0.4,FAN_IN,Fan-in hub: 4 unique senders
C812239727,0.4,FAN_IN,Fan-in hub: 4 unique senders
C1387382816,0.4,FAN_IN,Fan-in hub: 4 unique senders
C82075785,0.4,FAN_IN,Fan-in hub: 4 unique senders
C1216773282,0.4,FAN_IN,Fan-in hub: 4 unique senders
C827324398,0.4,FAN_IN,Fan-in hub: 4 unique senders
C84065795,0.4,FAN_IN,Fan-in hub: 4 unique senders
C851047810,0.4,FAN_IN,Fan-in hub: 4 unique senders
C1177699741,0.4,FAN_IN,Fan-in hub: 4 unique senders
C1164437850,0.4,FAN_IN,Fan-in hub: 4 unique senders
C1163899365,0.4,FAN_IN,Fan-in hub: 4 unique senders
C1161119792,0.4,FAN_IN,Fan-in hub: 4 unique senders
C1287073460,0.4,FAN_IN,Fan-in hub: 4 unique senders
C1291981417,0.4,FAN_IN,Fan-in hub: 4 unique senders
C1299091147,0.4,FAN_IN,Fan-in hub: 4 unique senders
C1312699405,0.4,FAN_IN,Fan-in hub: 4 unique senders
C695758207,0.4,FAN_IN,Fan-in hub: 4 unique senders
C1381539779,0.4,FAN_IN,Fan-in hub: 4 unique senders
C1371304585,0.4,FAN_IN,Fan-in hub: 4 unique senders
C706710095,0.4,FAN_IN,Fan-in hub: 4 unique senders
C708574514,0.4,FAN_IN,Fan-in hub: 4 unique senders
C1360951164,0.4,FAN_IN,Fan-in hub: 4 unique senders
C714484936,0.4,FAN_IN,Fan-in hub: 4 unique senders
C1353845349,0.4,FAN_IN,Fan-in hub: 4 unique senders
C1348011400,0.4,FAN_IN,Fan-in hub: 4 unique senders
C1345451270,0.4,FAN_IN,Fan-in hub: 4 unique senders
C491549847,0.4,FAN_IN,Fan-in hub: 4 unique senders
C724074862,0.4,FAN_IN,Fan-in hub: 4 unique senders
C725490079,0.4,FAN_IN,Fan-in hub: 4 unique senders
C728229757,0.4,FAN_IN,Fan-in hub: 4 unique senders
C132794797,0.4,FAN_IN,Fan-in hub: 4 unique senders
C736930351,0.4,FAN_IN,Fan-in hub: 4 unique senders
C1317438969,0.4,FAN_IN,Fan-in hub: 4 unique senders
C1313685064,0.4,FAN_IN,Fan-in hub: 4 unique senders
C739040617,0.4,FAN_IN,Fan-in hub: 4 unique senders
C492204586,0.4,FAN_IN,Fan-in hub: 4 unique senders
C1649147599,0.4,FAN_IN,Fan-in hub: 4 unique senders
C1604125239,0.4,FAN_IN,Fan-in hub: 4 unique senders
C1932868580,0.4,FAN_IN,Fan-in hub: 4 unique senders
C227045688,0.4,FAN_IN,Fan-in hub: 4 unique senders
C1922185629,0.4,FAN_IN,Fan-in hub: 4 unique senders
C1914143115,0.4,FAN_IN,Fan-in hub: 4 unique senders
C236787500,0.4,FAN_IN,Fan-in hub: 4 unique senders
C243498556,0.4,FAN_IN,Fan-in hub: 4 unique senders
C244059867,0.4,FAN_IN,Fan-in hub: 4 unique senders
C253294157,0.4,FAN_IN,Fan-in hub: 4 unique senders
C262317369,0.4,FAN_IN,Fan-in hub: 4 unique senders
C268360131,0.4,FAN_IN,Fan-in hub: 4 unique senders
C27141259,0.4,FAN_IN,Fan-in hub: 4 unique senders
C275047817,0.4,FAN_IN,Fan-in hub: 4 unique senders
C276613847,0.4,FAN_IN,Fan-in hub: 4 unique senders
C1857458087,0.4,FAN_IN,Fan-in hub: 4 unique senders
C1855415754,0.4,FAN_IN,Fan-in hub: 4 unique senders
C294776952,0.4,FAN_IN,Fan-in hub: 4 unique senders
C297531378,0.4,FAN_IN,Fan-in hub: 4 unique senders
C1829919288,0.4,FAN_IN,Fan-in hub: 4 unique senders
C1829498645,0.4,FAN_IN,Fan-in hub: 4 unique senders
C304143994,0.4,FAN_IN,Fan-in hub: 4 unique senders
C1932394072,0.4,FAN_IN,Fan-in hub: 4 unique senders
C1934034806,0.4,FAN_IN,Fan-in hub: 4 unique senders
C1827696797,0.4,FAN_IN,Fan-in hub: 4 unique senders
C214344681,0.4,FAN_IN,Fan-in hub: 4 unique senders
C2050384666,0.4,FAN_IN,Fan-in hub: 4 unique senders
C2062562651,0.4,FAN_IN,Fan-in hub: 4 unique senders
C206734046,0.4,FAN_IN,Fan-in hub: 4 unique senders
C2069546956,0.4,FAN_IN,Fan-in hub: 4 unique senders
C2075398405,0.4,FAN_IN,Fan-in hub: 4 unique senders
C2011993888,0.4,FAN_IN,Fan-in hub: 4 unique senders
C2011608506,0.4,FAN_IN,Fan-in hub: 4 unique senders
C2094743911,0.4,FAN_IN,Fan-in hub: 4 unique senders
C2099069736,0.4,FAN_IN,Fan-in hub: 4 unique senders
C2099284782,0.4,FAN_IN,Fan-in hub: 4 unique senders
C2108455110,0.4,FAN_IN,Fan-in hub: 4 unique senders
C1986002568,0.4,FAN_IN,Fan-in hub: 4 unique senders
C2111848837,0.4,FAN_IN,Fan-in hub: 4 unique senders
C2113198760,0.4,FAN_IN,Fan-in hub: 4 unique senders
C2114555727,0.4,FAN_IN,Fan-in hub: 4 unique senders
C2120528456,0.4,FAN_IN,Fan-in hub: 4 unique senders
C1964004754,0.4,FAN_IN,Fan-in hub: 4 unique senders
C1962424713,0.4,FAN_IN,Fan-in hub: 4 unique senders
C1950771141,0.4,FAN_IN,Fan-in hub: 4 unique senders
C305190226,0.4,FAN_IN,Fan-in hub: 4 unique senders
C311055882,0.4,FAN_IN,Fan-in hub: 4 unique senders
C489250676,0.4,FAN_IN,Fan-in hub: 4 unique senders
C413233576,0.4,FAN_IN,Fan-in hub: 4 unique senders
C1667558881,0.4,FAN_IN,Fan-in hub: 4 unique senders
C444515946,0.4,FAN_IN,Fan-in hub: 4 unique senders
C44522157,0.4,FAN_IN,Fan-in hub: 4 unique senders
C165880215,0.4,FAN_IN,Fan-in hub: 4 unique senders
C445353808,0.4,FAN_IN,Fan-in hub: 4 unique senders
C1649649394,0.4,FAN_IN,Fan-in hub: 4 unique senders
C869361314,0.4,FAN_IN,Fan-in hub: 4 unique senders
C449672464,0.4,FAN_IN,Fan-in hub: 4 unique senders
C454846719,0.4,FAN_IN,Fan-in hub: 4 unique senders
C1643528525,0.4,FAN_IN,Fan-in hub: 4 unique senders
C45737324,0.4,FAN_IN,Fan-in hub: 4 unique senders
C463684840,0.4,FAN_IN,Fan-in hub: 4 unique senders
C1639416858,0.4,FAN_IN,Fan-in hub: 4 unique senders
C465496009,0.4,FAN_IN,Fan-in hub: 4 unique senders
C1624934916,0.4,FAN_IN,Fan-in hub: 4 unique senders
C481876674,0.4,FAN_IN,Fan-in hub: 4 unique senders
C1616817673,0.4,FAN_IN,Fan-in hub: 4 unique senders
C486240230,0.4,FAN_IN,Fan-in hub: 4 unique senders
C488759541,0.4,FAN_IN,Fan-in hub: 4 unique senders
C1672439184,0.4,FAN_IN,Fan-in hub: 4 unique senders
C168899077,0.4,FAN_IN,Fan-in hub: 4 unique senders
C1813044862,0.4,FAN_IN,Fan-in hub: 4 unique senders
C1691143074,0.4,FAN_IN,Fan-in hub: 4 unique senders
C1810924451,0.4,FAN_IN,Fan-in hub: 4 unique senders
C1799266374,0.4,FAN_IN,Fan-in hub: 4 unique senders
C33422693,0.4,FAN_IN,Fan-in hub: 4 unique senders
C1794695710,0.4,FAN_IN,Fan-in hub: 4 unique senders
C342951241,0.4,FAN_IN,Fan-in hub: 4 unique senders
C1782322405,0.4,FAN_IN,Fan-in hub: 4 unique senders
C1771607270,0.4,FAN_IN,Fan-in hub: 4 unique senders
C1755118824,0.4,FAN_IN,Fan-in hub: 4 unique senders
C1754723066,0.4,FAN_IN,Fan-in hub: 4 unique senders
C366838154,0.4,FAN_IN,Fan-in hub: 4 unique senders
C370494848,0.4,FAN_IN,Fan-in hub: 4 unique senders
C1733732197,0.4,FAN_IN,Fan-in hub: 4 unique senders
C380125101,0.4,FAN_IN,Fan-in hub: 4 unique senders
C385928643,0.4,FAN_IN,Fan-in hub: 4 unique senders
C386707279,0.4,FAN_IN,Fan-in hub: 4 unique senders
C396888875,0.4,FAN_IN,Fan-in hub: 4 unique senders
C1717149131,0.4,FAN_IN,Fan-in hub: 4 unique senders
C404647891,0.4,FAN_IN,Fan-in hub: 4 unique senders
C1694591726,0.4,FAN_IN,Fan-in hub: 4 unique senders
C1158972546,0.4,FAN_IN,Fan-in hub: 4 unique senders
C2053273782,0.4,FAN_IN,Fan-in hub: 4 unique senders
C1109962108,0.4,FAN_IN,Fan-in hub: 4 unique senders
C1081366871,0.4,FAN_IN,Fan-in hub: 4 unique senders
C925111570,0.4,FAN_IN,Fan-in hub: 4 unique senders
C1104386546,0.4,FAN_IN,Fan-in hub: 4 unique senders
C889966408,0.4,FAN_IN,Fan-in hub: 4 unique senders
C1116058111,0.4,FAN_IN,Fan-in hub: 4 unique senders
C951776099,0.4,FAN_IN,Fan-in hub: 4 unique senders
C939506232,0.4,FAN_IN,Fan-in hub: 4 unique senders
C1122983558,0.4,FAN_IN,Fan-in hub: 4 unique senders
C895656192,0.4,FAN_IN,Fan-in hub: 4 unique senders
C947001420,0.4,FAN_IN,Fan-in hub: 4 unique senders
C1020307152,0.4,FAN_IN,Fan-in hub: 4 unique senders
C886835537,0.4,FAN_IN,Fan-in hub: 4 unique senders
C1079537514,0.4,FAN_IN,Fan-in hub: 4 unique senders
C997388685,0.4,FAN_IN,Fan-in hub: 4 unique senders
C1076564251,0.4,FAN_IN,Fan-in hub: 4 unique senders
C947950021,0.4,FAN_IN,Fan-in hub: 4 unique senders
C996925018,0.4,FAN_IN,Fan-in hub: 4 unique senders
C992483683,0.4,FAN_IN,Fan-in hub: 4 unique senders
C1019178004,0.4,FAN_IN,Fan-in hub: 4 unique senders
C974831171,0.4,FAN_IN,Fan-in hub: 4 unique senders
C9913129,0.4,FAN_IN,Fan-in hub: 4 unique senders
C1097435331,0.4,FAN_IN,Fan-in hub: 4 unique senders
C891390445,0.4,FAN_IN,Fan-in hub: 4 unique senders
C1002889136,0.4,FAN_IN,Fan-in hub: 4 unique senders
C1083467275,0.4,FAN_IN,Fan-in hub: 4 unique senders
C1024435307,0.4,FAN_IN,Fan-in hub: 4 unique senders
C1010662092,0.4,FAN_IN,Fan-in hub: 4 unique senders
C1156703383,0.4,FAN_IN,Fan-in hub: 4 unique senders
C890727440,0.4,FAN_IN,Fan-in hub: 4 unique senders
C1001239182,0.4,FAN_IN,Fan-in hub: 4 unique senders
C1016242080,0.4,FAN_IN,Fan-in hub: 4 unique senders
C359227905,0.3,FAN_IN,Fan-in hub: 3 unique senders
C365552427,0.3,FAN_IN,Fan-in hub: 3 unique senders
C359177463,0.3,FAN_IN,Fan-in hub: 3 unique senders
C366360355,0.3,FAN_IN,Fan-in hub: 3 unique senders
C366456369,0.3,FAN_IN,Fan-in hub: 3 unique senders
C358489843,0.3,FAN_IN,Fan-in hub: 3 unique senders
C359666386,0.3,FAN_IN,Fan-in hub: 3 unique senders
C360031809,0.3,FAN_IN,Fan-in hub: 3 unique senders
C366243011,0.3,FAN_IN,Fan-in hub: 3 unique senders
C366233969,0.3,FAN_IN,Fan-in hub: 3 unique senders
C360965545,0.3,FAN_IN,Fan-in hub: 3 unique senders
C364749936,0.3,FAN_IN,Fan-in hub: 3 unique senders
C360250017,0.3,FAN_IN,Fan-in hub: 3 unique senders
C361077038,0.3,FAN_IN,Fan-in hub: 3 unique senders
C364624166,0.3,FAN_IN,Fan-in hub: 3 unique senders
C364293261,0.3,FAN_IN,Fan-in hub: 3 unique senders
C363702734,0.3,FAN_IN,Fan-in hub: 3 unique senders
C362896708,0.3,FAN_IN,Fan-in hub: 3 unique senders
C362217055,0.3,FAN_IN,Fan-in hub: 3 unique senders
C361339585,0.3,FAN_IN,Fan-in hub: 3 unique senders
C366760448,0.3,FAN_IN,Fan-in hub: 3 unique senders
C360466775,0.3,FAN_IN,Fan-in hub: 3 unique senders
C960138358,0.3,FAN_IN,Fan-in hub: 3 unique senders
C959605148,0.3,FAN_IN,Fan-in hub: 3 unique senders
C366646999,0.3,FAN_IN,Fan-in hub: 3 unique senders
C869342516,0.3,FAN_IN,Fan-in hub: 3 unique senders
C959132174,0.3,FAN_IN,Fan-in hub: 3 unique senders
C380037324,0.3,FAN_IN,Fan-in hub: 3 unique senders
C392401898,0.3,FAN_IN,Fan-in hub: 3 unique senders
C392371025,0.3,FAN_IN,Fan-in hub: 3 unique senders
C391967437,0.3,FAN_IN,Fan-in hub: 3 unique senders
C391592299,0.3,FAN_IN,Fan-in hub: 3 unique senders
C391184122,0.3,FAN_IN,Fan-in hub: 3 unique senders
C390749482,0.3,FAN_IN,Fan-in hub: 3 unique senders
C389170865,0.3,FAN_IN,Fan-in hub: 3 unique senders
C952611126,0.3,FAN_IN,Fan-in hub: 3 unique senders
C386246691,0.3,FAN_IN,Fan-in hub: 3 unique senders
C95318372,0.3,FAN_IN,Fan-in hub: 3 unique senders
C384763190,0.3,FAN_IN,Fan-in hub: 3 unique senders
C384180354,0.3,FAN_IN,Fan-in hub: 3 unique senders
C383739057,0.3,FAN_IN,Fan-in hub: 3 unique senders
C955368922,0.3,FAN_IN,Fan-in hub: 3 unique senders
C378480882,0.3,FAN_IN,Fan-in hub: 3 unique senders
C367239829,0.3,FAN_IN,Fan-in hub: 3 unique senders
C37843534,0.3,FAN_IN,Fan-in hub: 3 unique senders
C377439537,0.3,FAN_IN,Fan-in hub: 3 unique senders
C376843347,0.3,FAN_IN,Fan-in hub: 3 unique senders
C955464637,0.3,FAN_IN,Fan-in hub: 3 unique senders
C376833607,0.3,FAN_IN,Fan-in hub: 3 unique senders
C375600483,0.3,FAN_IN,Fan-in hub: 3 unique senders
C955477955,0.3,FAN_IN,Fan-in hub: 3 unique senders
C372943559,0.3,FAN_IN,Fan-in hub: 3 unique senders
C371992777,0.3,FAN_IN,Fan-in hub: 3 unique senders
C370853034,0.3,FAN_IN,Fan-in hub: 3 unique senders
C956529806,0.3,FAN_IN,Fan-in hub: 3 unique senders
C369411086,0.3,FAN_IN,Fan-in hub: 3 unique senders
C368358915,0.3,FAN_IN,Fan-in hub: 3 unique senders
C367906450,0.3,FAN_IN,Fan-in hub: 3 unique senders
C371875828,0.3,FAN_IN,Fan-in hub: 3 unique senders
C354539641,0.3,FAN_IN,Fan-in hub: 3 unique senders
C358473292,0.3,FAN_IN,Fan-in hub: 3 unique senders
C333551702,0.3,FAN_IN,Fan-in hub: 3 unique senders
C327880691,0.3,FAN_IN,Fan-in hub: 3 unique senders
C328707077,0.3,FAN_IN,Fan-in hub: 3 unique senders
C330482702,0.3,FAN_IN,Fan-in hub: 3 unique senders
C331041055,0.3,FAN_IN,Fan-in hub: 3 unique senders
C96614137,0.3,FAN_IN,Fan-in hub: 3 unique senders
C333330593,0.3,FAN_IN,Fan-in hub: 3 unique senders
C333699433,0.3,FAN_IN,Fan-in hub: 3 unique senders
C326088410,0.3,FAN_IN,Fan-in hub: 3 unique senders
C333763918,0.3,FAN_IN,Fan-in hub: 3 unique senders
C965224612,0.3,FAN_IN,Fan-in hub: 3 unique senders
C334239402,0.3,FAN_IN,Fan-in hub: 3 unique senders
C334251877,0.3,FAN_IN,Fan-in hub: 3 unique senders
C965020435,0.3,FAN_IN,Fan-in hub: 3 unique senders
C334716503,0.3,FAN_IN,Fan-in hub: 3 unique senders
C32646381,0.3,FAN_IN,Fan-in hub: 3 unique senders
C325496550,0.3,FAN_IN,Fan-in hub: 3 unique senders
C357619150,0.3,FAN_IN,Fan-in hub: 3 unique senders
C320553264,0.3,FAN_IN,Fan-in hub: 3 unique senders
C319445792,0.3,FAN_IN,Fan-in hub: 3 unique senders
C319469497,0.3,FAN_IN,Fan-in hub: 3 unique senders
C320409598,0.3,FAN_IN,Fan-in hub: 3 unique senders
C967806051,0.3,FAN_IN,Fan-in hub: 3 unique senders
C967791046,0.3,FAN_IN,Fan-in hub: 3 unique senders
C320485307,0.3,FAN_IN,Fan-in hub: 3 unique senders
C320842897,0.3,FAN_IN,Fan-in hub: 3 unique senders
C325441489,0.3,FAN_IN,Fan-in hub: 3 unique senders
C321965241,0.3,FAN_IN,Fan-in hub: 3 unique senders
C322213055,0.3,FAN_IN,Fan-in hub: 3 unique senders
C322403541,0.3,FAN_IN,Fan-in hub: 3 unique senders
C324025688,0.3,FAN_IN,Fan-in hub: 3 unique senders
C32445032,0.3,FAN_IN,Fan-in hub: 3 unique senders
C324834769,0.3,FAN_IN,Fan-in hub: 3 unique senders
C335867042,0.3,FAN_IN,Fan-in hub: 3 unique senders
C336751631,0.3,FAN_IN,Fan-in hub: 3 unique senders
C336787823,0.3,FAN_IN,Fan-in hub: 3 unique senders
C964141578,0.3,FAN_IN,Fan-in hub: 3 unique senders
C349750447,0.3,FAN_IN,Fan-in hub: 3 unique senders
C350593707,0.3,FAN_IN,Fan-in hub: 3 unique senders
C352179905,0.3,FAN_IN,Fan-in hub: 3 unique senders
C352711661,0.3,FAN_IN,Fan-in hub: 3 unique senders
C35338751,0.3,FAN_IN,Fan-in hub: 3 unique senders
C353416809,0.3,FAN_IN,Fan-in hub: 3 unique senders
C35420740,0.3,FAN_IN,Fan-in hub: 3 unique senders
C337233796,0.3,FAN_IN,Fan-in hub: 3 unique senders
C396149942,0.3,FAN_IN,Fan-in hub: 3 unique senders
C354978456,0.3,FAN_IN,Fan-in hub: 3 unique senders
C354984588,0.3,FAN_IN,Fan-in hub: 3 unique senders
C355276630,0.3,FAN_IN,Fan-in hub: 3 unique senders
C3554010,0.3,FAN_IN,Fan-in hub: 3 unique senders
C355900651,0.3,FAN_IN,Fan-in hub: 3 unique senders
C349402684,0.3,FAN_IN,Fan-in hub: 3 unique senders
C349261636,0.3,FAN_IN,Fan-in hub: 3 unique senders
C348867236,0.3,FAN_IN,Fan-in hub: 3 unique senders
C964846751,0.3,FAN_IN,Fan-in hub: 3 unique senders
C34827381,0.3,FAN_IN,Fan-in hub: 3 unique senders
C346880788,0.3,FAN_IN,Fan-in hub: 3 unique senders
C345700214,0.3,FAN_IN,Fan-in hub: 3 unique senders
C345605550,0.3,FAN_IN,Fan-in hub: 3 unique senders
C34420378,0.3,FAN_IN,Fan-in hub: 3 unique senders
C343458023,0.3,FAN_IN,Fan-in hub: 3 unique senders
C96497909,0.3,FAN_IN,Fan-in hub: 3 unique senders
C342039155,0.3,FAN_IN,Fan-in hub: 3 unique senders
C341969681,0.3,FAN_IN,Fan-in hub: 3 unique senders
C341838343,0.3,FAN_IN,Fan-in hub: 3 unique senders
C340656238,0.3,FAN_IN,Fan-in hub: 3 unique senders
C339753645,0.3,FAN_IN,Fan-in hub: 3 unique senders
C337364866,0.3,FAN_IN,Fan-in hub: 3 unique senders
C393943094,0.3,FAN_IN,Fan-in hub: 3 unique senders
C399912884,0.3,FAN_IN,Fan-in hub: 3 unique senders
C396203351,0.3,FAN_IN,Fan-in hub: 3 unique senders
C44558294,0.3,FAN_IN,Fan-in hub: 3 unique senders
C940786581,0.3,FAN_IN,Fan-in hub: 3 unique senders
C455560652,0.3,FAN_IN,Fan-in hub: 3 unique senders
C454960650,0.3,FAN_IN,Fan-in hub: 3 unique senders
C452705239,0.3,FAN_IN,Fan-in hub: 3 unique senders
C451930660,0.3,FAN_IN,Fan-in hub: 3 unique senders
C940865576,0.3,FAN_IN,Fan-in hub: 3 unique senders
C449543336,0.3,FAN_IN,Fan-in hub: 3 unique senders
C941956667,0.3,FAN_IN,Fan-in hub: 3 unique senders
C942089700,0.3,FAN_IN,Fan-in hub: 3 unique senders
C449317666,0.3,FAN_IN,Fan-in hub: 3 unique senders
C447668711,0.3,FAN_IN,Fan-in hub: 3 unique senders
C44658799,0.3,FAN_IN,Fan-in hub: 3 unique senders
C44646040,0.3,FAN_IN,Fan-in hub: 3 unique senders
C446371363,0.3,FAN_IN,Fan-in hub: 3 unique senders
C942090821,0.3,FAN_IN,Fan-in hub: 3 unique senders
C456801987,0.3,FAN_IN,Fan-in hub: 3 unique senders
C943766118,0.3,FAN_IN,Fan-in hub: 3 unique senders
C944536296,0.3,FAN_IN,Fan-in hub: 3 unique senders
C945132934,0.3,FAN_IN,Fan-in hub: 3 unique senders
C441151352,0.3,FAN_IN,Fan-in hub: 3 unique senders
C441089104,0.3,FAN_IN,Fan-in hub: 3 unique senders
C440837173,0.3,FAN_IN,Fan-in hub: 3 unique senders
C440812080,0.3,FAN_IN,Fan-in hub: 3 unique senders
C440159804,0.3,FAN_IN,Fan-in hub: 3 unique senders
C440143685,0.3,FAN_IN,Fan-in hub: 3 unique senders
C438803880,0.3,FAN_IN,Fan-in hub: 3 unique senders
C43875271,0.3,FAN_IN,Fan-in hub: 3 unique senders
C438645652,0.3,FAN_IN,Fan-in hub: 3 unique senders
C94618150,0.3,FAN_IN,Fan-in hub: 3 unique senders
C437440612,0.3,FAN_IN,Fan-in hub: 3 unique senders
C455649456,0.3,FAN_IN,Fan-in hub: 3 unique senders
C457100177,0.3,FAN_IN,Fan-in hub: 3 unique senders
C436114674,0.3,FAN_IN,Fan-in hub: 3 unique senders
C473265049,0.3,FAN_IN,Fan-in hub: 3 unique senders
C480274347,0.3,FAN_IN,Fan-in hub: 3 unique senders
C479263037,0.3,FAN_IN,Fan-in hub: 3 unique senders
C478774571,0.3,FAN_IN,Fan-in hub: 3 unique senders
C478471083,0.3,FAN_IN,Fan-in hub: 3 unique senders
C47732229,0.3,FAN_IN,Fan-in hub: 3 unique senders
C477141074,0.3,FAN_IN,Fan-in hub: 3 unique senders
C476277420,0.3,FAN_IN,Fan-in hub: 3 unique senders
C476037256,0.3,FAN_IN,Fan-in hub: 3 unique senders
C475794089,0.3,FAN_IN,Fan-in hub: 3 unique senders
C475453417,0.3,FAN_IN,Fan-in hub: 3 unique senders
C475170464,0.3,FAN_IN,Fan-in hub: 3 unique senders
C47494009,0.3,FAN_IN,Fan-in hub: 3 unique senders
C474780379,0.3,FAN_IN,Fan-in hub: 3 unique senders
C473679588,0.3,FAN_IN,Fan-in hub: 3 unique senders
C470288976,0.3,FAN_IN,Fan-in hub: 3 unique senders
C457489033,0.3,FAN_IN,Fan-in hub: 3 unique senders
C469777306,0.3,FAN_IN,Fan-in hub: 3 unique senders
C469752304,0.3,FAN_IN,Fan-in hub: 3 unique senders
C468885734,0.3,FAN_IN,Fan-in hub: 3 unique senders
C467454506,0.3,FAN_IN,Fan-in hub: 3 unique senders
C467200018,0.3,FAN_IN,Fan-in hub: 3 unique senders
C466401408,0.3,FAN_IN,Fan-in hub: 3 unique senders
C938276225,0.3,FAN_IN,Fan-in hub: 3 unique senders
C465279904,0.3,FAN_IN,Fan-in hub: 3 unique senders
C464254220,0.3,FAN_IN,Fan-in hub: 3 unique senders
C463908586,0.3,FAN_IN,Fan-in hub: 3 unique senders
C939126649,0.3,FAN_IN,Fan-in hub: 3 unique senders
C461890468,0.3,FAN_IN,Fan-in hub: 3 unique senders
C461145537,0.3,FAN_IN,Fan-in hub: 3 unique senders
C45976111,0.3,FAN_IN,Fan-in hub: 3 unique senders
C43723911,0.3,FAN_IN,Fan-in hub: 3 unique senders
C43314740,0.3,FAN_IN,Fan-in hub: 3 unique senders
C396685541,0.3,FAN_IN,Fan-in hub: 3 unique senders
C403452664,0.3,FAN_IN,Fan-in hub: 3 unique senders
C409748641,0.3,FAN_IN,Fan-in hub: 3 unique senders
C409512082,0.3,FAN_IN,Fan-in hub: 3 unique senders
C409438866,0.3,FAN_IN,Fan-in hub: 3 unique senders
C951734078,0.3,FAN_IN,Fan-in hub: 3 unique senders
C408488833,0.3,FAN_IN,Fan-in hub: 3 unique senders
C408236679,0.3,FAN_IN,Fan-in hub: 3 unique senders
C408002247,0.3,FAN_IN,Fan-in hub: 3 unique senders
C407804946,0.3,FAN_IN,Fan-in hub: 3 unique senders
C406372510,0.3,FAN_IN,Fan-in hub: 3 unique senders
C405286608,0.3,FAN_IN,Fan-in hub: 3 unique senders
C40519243,0.3,FAN_IN,Fan-in hub: 3 unique senders
C404993268,0.3,FAN_IN,Fan-in hub: 3 unique senders
C403642331,0.3,FAN_IN,Fan-in hub: 3 unique senders
C403630855,0.3,FAN_IN,Fan-in hub: 3 unique senders
C403065592,0.3,FAN_IN,Fan-in hub: 3 unique senders
C950731670,0.3,FAN_IN,Fan-in hub: 3 unique senders
C402692670,0.3,FAN_IN,Fan-in hub: 3 unique senders
C402134981,0.3,FAN_IN,Fan-in hub: 3 unique senders
C40171897,0.3,FAN_IN,Fan-in hub: 3 unique senders
C401230911,0.3,FAN_IN,Fan-in hub: 3 unique senders
C318531184,0.3,FAN_IN,Fan-in hub: 3 unique senders
C399710303,0.3,FAN_IN,Fan-in hub: 3 unique senders
C399506718,0.3,FAN_IN,Fan-in hub: 3 unique senders
C952117939,0.3,FAN_IN,Fan-in hub: 3 unique senders
C399065788,0.3,FAN_IN,Fan-in hub: 3 unique senders
C398791968,0.3,FAN_IN,Fan-in hub: 3 unique senders
C398775716,0.3,FAN_IN,Fan-in hub: 3 unique senders
C39713115,0.3,FAN_IN,Fan-in hub: 3 unique senders
C952186896,0.3,FAN_IN,Fan-in hub: 3 unique senders
C396842386,0.3,FAN_IN,Fan-in hub: 3 unique senders
C951020302,0.3,FAN_IN,Fan-in hub: 3 unique senders
C410289287,0.3,FAN_IN,Fan-in hub: 3 unique senders
C43291069,0.3,FAN_IN,Fan-in hub: 3 unique senders
C424337388,0.3,FAN_IN,Fan-in hub: 3 unique senders
C432435549,0.3,FAN_IN,Fan-in hub: 3 unique senders
C43208551,0.3,FAN_IN,Fan-in hub: 3 unique senders
C431599932,0.3,FAN_IN,Fan-in hub: 3 unique senders
C946777990,0.3,FAN_IN,Fan-in hub: 3 unique senders
C430300758,0.3,FAN_IN,Fan-in hub: 3 unique senders
C428653951,0.3,FAN_IN,Fan-in hub: 3 unique senders
C947140762,0.3,FAN_IN,Fan-in hub: 3 unique senders
C428197541,0.3,FAN_IN,Fan-in hub: 3 unique senders
C427931869,0.3,FAN_IN,Fan-in hub: 3 unique senders
C427538030,0.3,FAN_IN,Fan-in hub: 3 unique senders
C42748393,0.3,FAN_IN,Fan-in hub: 3 unique senders
C42659507,0.3,FAN_IN,Fan-in hub: 3 unique senders
C425245117,0.3,FAN_IN,Fan-in hub: 3 unique senders
C424669430,0.3,FAN_IN,Fan-in hub: 3 unique senders
C42406601,0.3,FAN_IN,Fan-in hub: 3 unique senders
C411230293,0.3,FAN_IN,Fan-in hub: 3 unique senders
C423832746,0.3,FAN_IN,Fan-in hub: 3 unique senders
C423734766,0.3,FAN_IN,Fan-in hub: 3 unique senders
C423094471,0.3,FAN_IN,Fan-in hub: 3 unique senders
C421249172,0.3,FAN_IN,Fan-in hub: 3 unique senders
C419543324,0.3,FAN_IN,Fan-in hub: 3 unique senders
C416100211,0.3,FAN_IN,Fan-in hub: 3 unique senders
C415529640,0.3,FAN_IN,Fan-in hub: 3 unique senders
C414662348,0.3,FAN_IN,Fan-in hub: 3 unique senders
C414659941,0.3,FAN_IN,Fan-in hub: 3 unique senders
C414305057,0.3,FAN_IN,Fan-in hub: 3 unique senders
C413551962,0.3,FAN_IN,Fan-in hub: 3 unique senders
C411674151,0.3,FAN_IN,Fan-in hub: 3 unique senders
C411663474,0.3,FAN_IN,Fan-in hub: 3 unique senders
C948598315,0.3,FAN_IN,Fan-in hub: 3 unique senders
C318755230,0.3,FAN_IN,Fan-in hub: 3 unique senders
C309183527,0.3,FAN_IN,Fan-in hub: 3 unique senders
C318408342,0.3,FAN_IN,Fan-in hub: 3 unique senders
C2125066595,0.3,FAN_IN,Fan-in hub: 3 unique senders
C2119516064,0.3,FAN_IN,Fan-in hub: 3 unique senders
C2120792924,0.3,FAN_IN,Fan-in hub: 3 unique senders
C2121570528,0.3,FAN_IN,Fan-in hub: 3 unique senders
C2123100063,0.3,FAN_IN,Fan-in hub: 3 unique senders
C2124235874,0.3,FAN_IN,Fan-in hub: 3 unique senders
C2124617212,0.3,FAN_IN,Fan-in hub: 3 unique senders
C993876516,0.3,FAN_IN,Fan-in hub: 3 unique senders
C2128033651,0.3,FAN_IN,Fan-in hub: 3 unique senders
C212536958,0.3,FAN_IN,Fan-in hub: 3 unique senders
C992485402,0.3,FAN_IN,Fan-in hub: 3 unique senders
C2125375438,0.3,FAN_IN,Fan-in hub: 3 unique senders
C2126703240,0.3,FAN_IN,Fan-in hub: 3 unique senders
C212681484,0.3,FAN_IN,Fan-in hub: 3 unique senders
C2126815534,0.3,FAN_IN,Fan-in hub: 3 unique senders
C2119453186,0.3,FAN_IN,Fan-in hub: 3 unique senders
C2119225655,0.3,FAN_IN,Fan-in hub: 3 unique senders
C2118330292,0.3,FAN_IN,Fan-in hub: 3 unique senders
C2117982207,0.3,FAN_IN,Fan-in hub: 3 unique senders
C2117909914,0.3,FAN_IN,Fan-in hub: 3 unique senders
C2115527068,0.3,FAN_IN,Fan-in hub: 3 unique senders
C211487624,0.3,FAN_IN,Fan-in hub: 3 unique senders
C2114600889,0.3,FAN_IN,Fan-in hub: 3 unique senders
C994312994,0.3,FAN_IN,Fan-in hub: 3 unique senders
C211452269,0.3,FAN_IN,Fan-in hub: 3 unique senders
C2114147993,0.3,FAN_IN,Fan-in hub: 3 unique senders
C994412853,0.3,FAN_IN,Fan-in hub: 3 unique senders
C2113141662,0.3,FAN_IN,Fan-in hub: 3 unique senders
C2112298588,0.3,FAN_IN,Fan-in hub: 3 unique senders
C994836152,0.3,FAN_IN,Fan-in hub: 3 unique senders
C2110994389,0.3,FAN_IN,Fan-in hub: 3 unique senders
C2109925830,0.3,FAN_IN,Fan-in hub: 3 unique senders
C2127689854,0.3,FAN_IN,Fan-in hub: 3 unique senders
C2128041093,0.3,FAN_IN,Fan-in hub: 3 unique senders
C2109887342,0.3,FAN_IN,Fan-in hub: 3 unique senders
C989301937,0.3,FAN_IN,Fan-in hub: 3 unique senders
C21630887,0.3,FAN_IN,Fan-in hub: 3 unique senders
C217255342,0.3,FAN_IN,Fan-in hub: 3 unique senders
C217256217,0.3,FAN_IN,Fan-in hub: 3 unique senders
C217653894,0.3,FAN_IN,Fan-in hub: 3 unique senders
C991706259,0.3,FAN_IN,Fan-in hub: 3 unique senders
C218511087,0.3,FAN_IN,Fan-in hub: 3 unique senders
C219265647,0.3,FAN_IN,Fan-in hub: 3 unique senders
C2128503263,0.3,FAN_IN,Fan-in hub: 3 unique senders
C219366211,0.3,FAN_IN,Fan-in hub: 3 unique senders
C220547764,0.3,FAN_IN,Fan-in hub: 3 unique senders
C220655618,0.3,FAN_IN,Fan-in hub: 3 unique senders
C225288835,0.3,FAN_IN,Fan-in hub: 3 unique senders
C225814498,0.3,FAN_IN,Fan-in hub: 3 unique senders
C22600353,0.3,FAN_IN,Fan-in hub: 3 unique senders
C216273116,0.3,FAN_IN,Fan-in hub: 3 unique senders
C216248267,0.3,FAN_IN,Fan-in hub: 3 unique senders
C2146000204,0.3,FAN_IN,Fan-in hub: 3 unique senders
C2145699865,0.3,FAN_IN,Fan-in hub: 3 unique senders
C214528955,0.3,FAN_IN,Fan-in hub: 3 unique senders
C2144907049,0.3,FAN_IN,Fan-in hub: 3 unique senders
C992370060,0.3,FAN_IN,Fan-in hub: 3 unique senders
C2143327867,0.3,FAN_IN,Fan-in hub: 3 unique senders
C2141649834,0.3,FAN_IN,Fan-in hub: 3 unique senders
C2141256230,0.3,FAN_IN,Fan-in hub: 3 unique senders
C2139357998,0.3,FAN_IN,Fan-in hub: 3 unique senders
C2139209075,0.3,FAN_IN,Fan-in hub: 3 unique senders
C2137849930,0.3,FAN_IN,Fan-in hub: 3 unique senders
C2134914846,0.3,FAN_IN,Fan-in hub: 3 unique senders
C2133751503,0.3,FAN_IN,Fan-in hub: 3 unique senders
C2133679703,0.3,FAN_IN,Fan-in hub: 3 unique senders
C2130608416,0.3,FAN_IN,Fan-in hub: 3 unique senders
C2109893553,0.3,FAN_IN,Fan-in hub: 3 unique senders
C2109483291,0.3,FAN_IN,Fan-in hub: 3 unique senders
C226537280,0.3,FAN_IN,Fan-in hub: 3 unique senders
C2073693161,0.3,FAN_IN,Fan-in hub: 3 unique senders
C2071687753,0.3,FAN_IN,Fan-in hub: 3 unique senders
C2072201071,0.3,FAN_IN,Fan-in hub: 3 unique senders
C2072344388,0.3,FAN_IN,Fan-in hub: 3 unique senders
C2072544438,0.3,FAN_IN,Fan-in hub: 3 unique senders
C207299998,0.3,FAN_IN,Fan-in hub: 3 unique senders
C2073475956,0.3,FAN_IN,Fan-in hub: 3 unique senders
C998363857,0.3,FAN_IN,Fan-in hub: 3 unique senders
C2080783076,0.3,FAN_IN,Fan-in hub: 3 unique senders
C2075573280,0.3,FAN_IN,Fan-in hub: 3 unique senders
C2076715218,0.3,FAN_IN,Fan-in hub: 3 unique senders
C207753215,0.3,FAN_IN,Fan-in hub: 3 unique senders
C2079585143,0.3,FAN_IN,Fan-in hub: 3 unique senders
C2080189873,0.3,FAN_IN,Fan-in hub: 3 unique senders
C2080478543,0.3,FAN_IN,Fan-in hub: 3 unique senders
C207101721,0.3,FAN_IN,Fan-in hub: 3 unique senders
C2070906641,0.3,FAN_IN,Fan-in hub: 3 unique senders
C2070360917,0.3,FAN_IN,Fan-in hub: 3 unique senders
C2069734724,0.3,FAN_IN,Fan-in hub: 3 unique senders
C2068214429,0.3,FAN_IN,Fan-in hub: 3 unique senders
C2067763440,0.3,FAN_IN,Fan-in hub: 3 unique senders
C2066805357,0.3,FAN_IN,Fan-in hub: 3 unique senders
C2066068388,0.3,FAN_IN,Fan-in hub: 3 unique senders
C2066058750,0.3,FAN_IN,Fan-in hub: 3 unique senders
C2065680565,0.3,FAN_IN,Fan-in hub: 3 unique senders
C206544229,0.3,FAN_IN,Fan-in hub: 3 unique senders
C2065206221,0.3,FAN_IN,Fan-in hub: 3 unique senders
C2060013028,0.3,FAN_IN,Fan-in hub: 3 unique senders
C2059538629,0.3,FAN_IN,Fan-in hub: 3 unique senders
C2058872807,0.3,FAN_IN,Fan-in hub: 3 unique senders
C2057306884,0.3,FAN_IN,Fan-in hub: 3 unique senders
C205678512,0.3,FAN_IN,Fan-in hub: 3 unique senders
C20807771,0.3,FAN_IN,Fan-in hub: 3 unique senders
C2081305648,0.3,FAN_IN,Fan-in hub: 3 unique senders
C2108992586,0.3,FAN_IN,Fan-in hub: 3 unique senders
C2100822203,0.3,FAN_IN,Fan-in hub: 3 unique senders
C2098116691,0.3,FAN_IN,Fan-in hub: 3 unique senders
C2099146134,0.3,FAN_IN,Fan-in hub: 3 unique senders
C996519712,0.3,FAN_IN,Fan-in hub: 3 unique senders
C2099358579,0.3,FAN_IN,Fan-in hub: 3 unique senders
C2100490116,0.3,FAN_IN,Fan-in hub: 3 unique senders
C2100591341,0.3,FAN_IN,Fan-in hub: 3 unique senders
C2102413302,0.3,FAN_IN,Fan-in hub: 3 unique senders
C2082101183,0.3,FAN_IN,Fan-in hub: 3 unique senders
C2102473649,0.3,FAN_IN,Fan-in hub: 3 unique senders
C2102866021,0.3,FAN_IN,Fan-in hub: 3 unique senders
C2105826123,0.3,FAN_IN,Fan-in hub: 3 unique senders
C2106390253,0.3,FAN_IN,Fan-in hub: 3 unique senders
C2107309191,0.3,FAN_IN,Fan-in hub: 3 unique senders
C99548991,0.3,FAN_IN,Fan-in hub: 3 unique senders
C209753767,0.3,FAN_IN,Fan-in hub: 3 unique senders
C2097273175,0.3,FAN_IN,Fan-in hub: 3 unique senders
C2095833806,0.3,FAN_IN,Fan-in hub: 3 unique senders
C2095195288,0.3,FAN_IN,Fan-in hub: 3 unique senders
C2094599241,0.3,FAN_IN,Fan-in hub: 3 unique senders
C2093532670,0.3,FAN_IN,Fan-in hub: 3 unique senders
C2090979776,0.3,FAN_IN,Fan-in hub: 3 unique senders
C2089264118,0.3,FAN_IN,Fan-in hub: 3 unique senders
C2088378900,0.3,FAN_IN,Fan-in hub: 3 unique senders
C997697691,0.3,FAN_IN,Fan-in hub: 3 unique senders
C2088223841,0.3,FAN_IN,Fan-in hub: 3 unique senders
C2087854235,0.3,FAN_IN,Fan-in hub: 3 unique senders
C2086104546,0.3,FAN_IN,Fan-in hub: 3 unique senders
C2084541839,0.3,FAN_IN,Fan-in hub: 3 unique senders
C2084129978,0.3,FAN_IN,Fan-in hub: 3 unique senders
C2083953816,0.3,FAN_IN,Fan-in hub: 3 unique senders
C2082183920,0.3,FAN_IN,Fan-in hub: 3 unique senders
C226190798,0.3,FAN_IN,Fan-in hub: 3 unique senders
C226614716,0.3,FAN_IN,Fan-in hub: 3 unique senders
C31834923,0.3,FAN_IN,Fan-in hub: 3 unique senders
C284581025,0.3,FAN_IN,Fan-in hub: 3 unique senders
C977612408,0.3,FAN_IN,Fan-in hub: 3 unique senders
C279407104,0.3,FAN_IN,Fan-in hub: 3 unique senders
C280663936,0.3,FAN_IN,Fan-in hub: 3 unique senders
C281326509,0.3,FAN_IN,Fan-in hub: 3 unique senders
C977360458,0.3,FAN_IN,Fan-in hub: 3 unique senders
C282771466,0.3,FAN_IN,Fan-in hub: 3 unique senders
C285333234,0.3,FAN_IN,Fan-in hub: 3 unique senders
C288694431,0.3,FAN_IN,Fan-in hub: 3 unique senders
C285467043,0.3,FAN_IN,Fan-in hub: 3 unique senders
C285558270,0.3,FAN_IN,Fan-in hub: 3 unique senders
C285805477,0.3,FAN_IN,Fan-in hub: 3 unique senders
C285826685,0.3,FAN_IN,Fan-in hub: 3 unique senders
C286758423,0.3,FAN_IN,Fan-in hub: 3 unique senders
C287497281,0.3,FAN_IN,Fan-in hub: 3 unique senders
C279322112,0.3,FAN_IN,Fan-in hub: 3 unique senders
C278013792,0.3,FAN_IN,Fan-in hub: 3 unique senders
C277840953,0.3,FAN_IN,Fan-in hub: 3 unique senders
C277671778,0.3,FAN_IN,Fan-in hub: 3 unique senders
C276930684,0.3,FAN_IN,Fan-in hub: 3 unique senders
C977900913,0.3,FAN_IN,Fan-in hub: 3 unique senders
C276599290,0.3,FAN_IN,Fan-in hub: 3 unique senders
C275276499,0.3,FAN_IN,Fan-in hub: 3 unique senders
C978140621,0.3,FAN_IN,Fan-in hub: 3 unique senders
C274187567,0.3,FAN_IN,Fan-in hub: 3 unique senders
C27397338,0.3,FAN_IN,Fan-in hub: 3 unique senders
C273784104,0.3,FAN_IN,Fan-in hub: 3 unique senders
C272115855,0.3,FAN_IN,Fan-in hub: 3 unique senders
C271805542,0.3,FAN_IN,Fan-in hub: 3 unique senders
C978470049,0.3,FAN_IN,Fan-in hub: 3 unique senders
C270817369,0.3,FAN_IN,Fan-in hub: 3 unique senders
C268731708,0.3,FAN_IN,Fan-in hub: 3 unique senders
C288330355,0.3,FAN_IN,Fan-in hub: 3 unique senders
C288784437,0.3,FAN_IN,Fan-in hub: 3 unique senders
C268342768,0.3,FAN_IN,Fan-in hub: 3 unique senders
C308797259,0.3,FAN_IN,Fan-in hub: 3 unique senders
C973592830,0.3,FAN_IN,Fan-in hub: 3 unique senders
C305230329,0.3,FAN_IN,Fan-in hub: 3 unique senders
C306316683,0.3,FAN_IN,Fan-in hub: 3 unique senders
C306327977,0.3,FAN_IN,Fan-in hub: 3 unique senders
C972389417,0.3,FAN_IN,Fan-in hub: 3 unique senders
C306457719,0.3,FAN_IN,Fan-in hub: 3 unique senders
C481666943,0.3,FAN_IN,Fan-in hub: 3 unique senders
C288934890,0.3,FAN_IN,Fan-in hub: 3 unique senders
C310519493,0.3,FAN_IN,Fan-in hub: 3 unique senders
C968572982,0.3,FAN_IN,Fan-in hub: 3 unique senders
C311267603,0.3,FAN_IN,Fan-in hub: 3 unique senders
C31581400,0.3,FAN_IN,Fan-in hub: 3 unique senders
C316818057,0.3,FAN_IN,Fan-in hub: 3 unique senders
C318155979,0.3,FAN_IN,Fan-in hub: 3 unique senders
C974318344,0.3,FAN_IN,Fan-in hub: 3 unique senders
C975475049,0.3,FAN_IN,Fan-in hub: 3 unique senders
C303913983,0.3,FAN_IN,Fan-in hub: 3 unique senders
C302991044,0.3,FAN_IN,Fan-in hub: 3 unique senders
C299538266,0.3,FAN_IN,Fan-in hub: 3 unique senders
C298222185,0.3,FAN_IN,Fan-in hub: 3 unique senders
C297650789,0.3,FAN_IN,Fan-in hub: 3 unique senders
C976431668,0.3,FAN_IN,Fan-in hub: 3 unique senders
C296230320,0.3,FAN_IN,Fan-in hub: 3 unique senders
C295508706,0.3,FAN_IN,Fan-in hub: 3 unique senders
C976771082,0.3,FAN_IN,Fan-in hub: 3 unique senders
C294460886,0.3,FAN_IN,Fan-in hub: 3 unique senders
C294181410,0.3,FAN_IN,Fan-in hub: 3 unique senders
C293660373,0.3,FAN_IN,Fan-in hub: 3 unique senders
C293095142,0.3,FAN_IN,Fan-in hub: 3 unique senders
C290887234,0.3,FAN_IN,Fan-in hub: 3 unique senders
C289967596,0.3,FAN_IN,Fan-in hub: 3 unique senders
C978506597,0.3,FAN_IN,Fan-in hub: 3 unique senders
C267464423,0.3,FAN_IN,Fan-in hub: 3 unique senders
C986867205,0.3,FAN_IN,Fan-in hub: 3 unique senders
C241922574,0.3,FAN_IN,Fan-in hub: 3 unique senders
C238704630,0.3,FAN_IN,Fan-in hub: 3 unique senders
C238993157,0.3,FAN_IN,Fan-in hub: 3 unique senders
C239665913,0.3,FAN_IN,Fan-in hub: 3 unique senders
C240837229,0.3,FAN_IN,Fan-in hub: 3 unique senders
C240949368,0.3,FAN_IN,Fan-in hub: 3 unique senders
C241508692,0.3,FAN_IN,Fan-in hub: 3 unique senders
C242526201,0.3,FAN_IN,Fan-in hub: 3 unique senders
C245472823,0.3,FAN_IN,Fan-in hub: 3 unique senders
C242656636,0.3,FAN_IN,Fan-in hub: 3 unique senders
C242965346,0.3,FAN_IN,Fan-in hub: 3 unique senders
C983480210,0.3,FAN_IN,Fan-in hub: 3 unique senders
C982515477,0.3,FAN_IN,Fan-in hub: 3 unique senders
C244745779,0.3,FAN_IN,Fan-in hub: 3 unique senders
C981183578,0.3,FAN_IN,Fan-in hub: 3 unique senders
C238222782,0.3,FAN_IN,Fan-in hub: 3 unique senders
C237643446,0.3,FAN_IN,Fan-in hub: 3 unique senders
C983504552,0.3,FAN_IN,Fan-in hub: 3 unique senders
C235757215,0.3,FAN_IN,Fan-in hub: 3 unique senders
C233809815,0.3,FAN_IN,Fan-in hub: 3 unique senders
C23233049,0.3,FAN_IN,Fan-in hub: 3 unique senders
C98585229,0.3,FAN_IN,Fan-in hub: 3 unique senders
C23191771,0.3,FAN_IN,Fan-in hub: 3 unique senders
C230905899,0.3,FAN_IN,Fan-in hub: 3 unique senders
C230743581,0.3,FAN_IN,Fan-in hub: 3 unique senders
C229664651,0.3,FAN_IN,Fan-in hub: 3 unique senders
C229573845,0.3,FAN_IN,Fan-in hub: 3 unique senders
C228397837,0.3,FAN_IN,Fan-in hub: 3 unique senders
C228378867,0.3,FAN_IN,Fan-in hub: 3 unique senders
C22785635,0.3,FAN_IN,Fan-in hub: 3 unique senders
C227171995,0.3,FAN_IN,Fan-in hub: 3 unique senders
C98635032,0.3,FAN_IN,Fan-in hub: 3 unique senders
C245072298,0.3,FAN_IN,Fan-in hub: 3 unique senders
C245970259,0.3,FAN_IN,Fan-in hub: 3 unique senders
C266226849,0.3,FAN_IN,Fan-in hub: 3 unique senders
C979167187,0.3,FAN_IN,Fan-in hub: 3 unique senders
C260194644,0.3,FAN_IN,Fan-in hub: 3 unique senders
C980307910,0.3,FAN_IN,Fan-in hub: 3 unique senders
C260994104,0.3,FAN_IN,Fan-in hub: 3 unique senders
C261439494,0.3,FAN_IN,Fan-in hub: 3 unique senders
C261814247,0.3,FAN_IN,Fan-in hub: 3 unique senders
C979982358,0.3,FAN_IN,Fan-in hub: 3 unique senders
C262437493,0.3,FAN_IN,Fan-in hub: 3 unique senders
C246483697,0.3,FAN_IN,Fan-in hub: 3 unique senders
C262664073,0.3,FAN_IN,Fan-in hub: 3 unique senders
C26270452,0.3,FAN_IN,Fan-in hub: 3 unique senders
C263207633,0.3,FAN_IN,Fan-in hub: 3 unique senders
C263575118,0.3,FAN_IN,Fan-in hub: 3 unique senders
C263700137,0.3,FAN_IN,Fan-in hub: 3 unique senders
C265520794,0.3,FAN_IN,Fan-in hub: 3 unique senders
C259977672,0.3,FAN_IN,Fan-in hub: 3 unique senders
C259561024,0.3,FAN_IN,Fan-in hub: 3 unique senders
C25753062,0.3,FAN_IN,Fan-in hub: 3 unique senders
C25743215,0.3,FAN_IN,Fan-in hub: 3 unique senders
C256076977,0.3,FAN_IN,Fan-in hub: 3 unique senders
C253816624,0.3,FAN_IN,Fan-in hub: 3 unique senders
C253653431,0.3,FAN_IN,Fan-in hub: 3 unique senders
C981158762,0.3,FAN_IN,Fan-in hub: 3 unique senders
C253176271,0.3,FAN_IN,Fan-in hub: 3 unique senders
C251546027,0.3,FAN_IN,Fan-in hub: 3 unique senders
C250164526,0.3,FAN_IN,Fan-in hub: 3 unique senders
C249822251,0.3,FAN_IN,Fan-in hub: 3 unique senders
C249706991,0.3,FAN_IN,Fan-in hub: 3 unique senders
C248635846,0.3,FAN_IN,Fan-in hub: 3 unique senders
C248229292,0.3,FAN_IN,Fan-in hub: 3 unique senders
C247147148,0.3,FAN_IN,Fan-in hub: 3 unique senders
C247133767,0.3,FAN_IN,Fan-in hub: 3 unique senders
C481335943,0.3,FAN_IN,Fan-in hub: 3 unique senders
C935529500,0.3,FAN_IN,Fan-in hub: 3 unique senders
C93567424,0.3,FAN_IN,Fan-in hub: 3 unique senders
C73374548,0.3,FAN_IN,Fan-in hub: 3 unique senders
C729279544,0.3,FAN_IN,Fan-in hub: 3 unique senders
C729794428,0.3,FAN_IN,Fan-in hub: 3 unique senders
C730372820,0.3,FAN_IN,Fan-in hub: 3 unique senders
C731704290,0.3,FAN_IN,Fan-in hub: 3 unique senders
C733549045,0.3,FAN_IN,Fan-in hub: 3 unique senders
C733729422,0.3,FAN_IN,Fan-in hub: 3 unique senders
C73385533,0.3,FAN_IN,Fan-in hub: 3 unique senders
C728755891,0.3,FAN_IN,Fan-in hub: 3 unique senders
C733943580,0.3,FAN_IN,Fan-in hub: 3 unique senders
C735764004,0.3,FAN_IN,Fan-in hub: 3 unique senders
C897416477,0.3,FAN_IN,Fan-in hub: 3 unique senders
C73724483,0.3,FAN_IN,Fan-in hub: 3 unique senders
C738163606,0.3,FAN_IN,Fan-in hub: 3 unique senders
C73877971,0.3,FAN_IN,Fan-in hub: 3 unique senders
C897834948,0.3,FAN_IN,Fan-in hub: 3 unique senders
C900608348,0.3,FAN_IN,Fan-in hub: 3 unique senders
C721049857,0.3,FAN_IN,Fan-in hub: 3 unique senders
C723565493,0.3,FAN_IN,Fan-in hub: 3 unique senders
C902195489,0.3,FAN_IN,Fan-in hub: 3 unique senders
C722196315,0.3,FAN_IN,Fan-in hub: 3 unique senders
C722302802,0.3,FAN_IN,Fan-in hub: 3 unique senders
C722355151,0.3,FAN_IN,Fan-in hub: 3 unique senders
C722904413,0.3,FAN_IN,Fan-in hub: 3 unique senders
C90196237,0.3,FAN_IN,Fan-in hub: 3 unique senders
C72363336,0.3,FAN_IN,Fan-in hub: 3 unique senders
C727773038,0.3,FAN_IN,Fan-in hub: 3 unique senders
C901473616,0.3,FAN_IN,Fan-in hub: 3 unique senders
C724421059,0.3,FAN_IN,Fan-in hub: 3 unique senders
C724489866,0.3,FAN_IN,Fan-in hub: 3 unique senders
C725341873,0.3,FAN_IN,Fan-in hub: 3 unique senders
C900816114,0.3,FAN_IN,Fan-in hub: 3 unique senders
C726182342,0.3,FAN_IN,Fan-in hub: 3 unique senders
C738950885,0.3,FAN_IN,Fan-in hub: 3 unique senders
C894848814,0.3,FAN_IN,Fan-in hub: 3 unique senders
C89473602,0.3,FAN_IN,Fan-in hub: 3 unique senders
C757115050,0.3,FAN_IN,Fan-in hub: 3 unique senders
C753325863,0.3,FAN_IN,Fan-in hub: 3 unique senders
C753526445,0.3,FAN_IN,Fan-in hub: 3 unique senders
C754404159,0.3,FAN_IN,Fan-in hub: 3 unique senders
C754479782,0.3,FAN_IN,Fan-in hub: 3 unique senders
C754493129,0.3,FAN_IN,Fan-in hub: 3 unique senders
C756959926,0.3,FAN_IN,Fan-in hub: 3 unique senders
C757374059,0.3,FAN_IN,Fan-in hub: 3 unique senders
C740100151,0.3,FAN_IN,Fan-in hub: 3 unique senders
C758470751,0.3,FAN_IN,Fan-in hub: 3 unique senders
C759783545,0.3,FAN_IN,Fan-in hub: 3 unique senders
C759989239,0.3,FAN_IN,Fan-in hub: 3 unique senders
C760405222,0.3,FAN_IN,Fan-in hub: 3 unique senders
C760808431,0.3,FAN_IN,Fan-in hub: 3 unique senders
C760987573,0.3,FAN_IN,Fan-in hub: 3 unique senders
C892150281,0.3,FAN_IN,Fan-in hub: 3 unique senders
C752847154,0.3,FAN_IN,Fan-in hub: 3 unique senders
C750249717,0.3,FAN_IN,Fan-in hub: 3 unique senders
C749916739,0.3,FAN_IN,Fan-in hub: 3 unique senders
C74954475,0.3,FAN_IN,Fan-in hub: 3 unique senders
C748892417,0.3,FAN_IN,Fan-in hub: 3 unique senders
C748438949,0.3,FAN_IN,Fan-in hub: 3 unique senders
C748387589,0.3,FAN_IN,Fan-in hub: 3 unique senders
C747427093,0.3,FAN_IN,Fan-in hub: 3 unique senders
C745154523,0.3,FAN_IN,Fan-in hub: 3 unique senders
C74410593,0.3,FAN_IN,Fan-in hub: 3 unique senders
C743329774,0.3,FAN_IN,Fan-in hub: 3 unique senders
C742391930,0.3,FAN_IN,Fan-in hub: 3 unique senders
C742084551,0.3,FAN_IN,Fan-in hub: 3 unique senders
C74081560,0.3,FAN_IN,Fan-in hub: 3 unique senders
C894024911,0.3,FAN_IN,Fan-in hub: 3 unique senders
C740189583,0.3,FAN_IN,Fan-in hub: 3 unique senders
C721254355,0.3,FAN_IN,Fan-in hub: 3 unique senders
C720778566,0.3,FAN_IN,Fan-in hub: 3 unique senders
C890036710,0.3,FAN_IN,Fan-in hub: 3 unique senders
C911023870,0.3,FAN_IN,Fan-in hub: 3 unique senders
C913079891,0.3,FAN_IN,Fan-in hub: 3 unique senders
C692330793,0.3,FAN_IN,Fan-in hub: 3 unique senders
C693646143,0.3,FAN_IN,Fan-in hub: 3 unique senders
C694040422,0.3,FAN_IN,Fan-in hub: 3 unique senders
C69461971,0.3,FAN_IN,Fan-in hub: 3 unique senders
C695574027,0.3,FAN_IN,Fan-in hub: 3 unique senders
C696469098,0.3,FAN_IN,Fan-in hub: 3 unique senders
C691182093,0.3,FAN_IN,Fan-in hub: 3 unique senders
C696925556,0.3,FAN_IN,Fan-in hub: 3 unique senders
C909627269,0.3,FAN_IN,Fan-in hub: 3 unique senders
C698503485,0.3,FAN_IN,Fan-in hub: 3 unique senders
C698652994,0.3,FAN_IN,Fan-in hub: 3 unique senders
C700094936,0.3,FAN_IN,Fan-in hub: 3 unique senders
C700150725,0.3,FAN_IN,Fan-in hub: 3 unique senders
C692027316,0.3,FAN_IN,Fan-in hub: 3 unique senders
C690651028,0.3,FAN_IN,Fan-in hub: 3 unique senders
C719895220,0.3,FAN_IN,Fan-in hub: 3 unique senders
C683806278,0.3,FAN_IN,Fan-in hub: 3 unique senders
C679981494,0.3,FAN_IN,Fan-in hub: 3 unique senders
C680587496,0.3,FAN_IN,Fan-in hub: 3 unique senders
C680803304,0.3,FAN_IN,Fan-in hub: 3 unique senders
C681088281,0.3,FAN_IN,Fan-in hub: 3 unique senders
C682529995,0.3,FAN_IN,Fan-in hub: 3 unique senders
C683805642,0.3,FAN_IN,Fan-in hub: 3 unique senders
C91421997,0.3,FAN_IN,Fan-in hub: 3 unique senders
C68996642,0.3,FAN_IN,Fan-in hub: 3 unique senders
C684283862,0.3,FAN_IN,Fan-in hub: 3 unique senders
C684791942,0.3,FAN_IN,Fan-in hub: 3 unique senders
C913749301,0.3,FAN_IN,Fan-in hub: 3 unique senders
C68550098,0.3,FAN_IN,Fan-in hub: 3 unique senders
C68579427,0.3,FAN_IN,Fan-in hub: 3 unique senders
C688921688,0.3,FAN_IN,Fan-in hub: 3 unique senders
C702619490,0.3,FAN_IN,Fan-in hub: 3 unique senders
C703555649,0.3,FAN_IN,Fan-in hub: 3 unique senders
C70390167,0.3,FAN_IN,Fan-in hub: 3 unique senders
C717981954,0.3,FAN_IN,Fan-in hub: 3 unique senders
C715094437,0.3,FAN_IN,Fan-in hub: 3 unique senders
C715198187,0.3,FAN_IN,Fan-in hub: 3 unique senders
C715668449,0.3,FAN_IN,Fan-in hub: 3 unique senders
C71576733,0.3,FAN_IN,Fan-in hub: 3 unique senders
C7163848,0.3,FAN_IN,Fan-in hub: 3 unique senders
C716927014,0.3,FAN_IN,Fan-in hub: 3 unique senders
C718104204,0.3,FAN_IN,Fan-in hub: 3 unique senders
C704926090,0.3,FAN_IN,Fan-in hub: 3 unique senders
C718167912,0.3,FAN_IN,Fan-in hub: 3 unique senders
C904677259,0.3,FAN_IN,Fan-in hub: 3 unique senders
C718251059,0.3,FAN_IN,Fan-in hub: 3 unique senders
C718770571,0.3,FAN_IN,Fan-in hub: 3 unique senders
C902765489,0.3,FAN_IN,Fan-in hub: 3 unique senders
C902690563,0.3,FAN_IN,Fan-in hub: 3 unique senders
C90502689,0.3,FAN_IN,Fan-in hub: 3 unique senders
C905762907,0.3,FAN_IN,Fan-in hub: 3 unique senders
C714463399,0.3,FAN_IN,Fan-in hub: 3 unique senders
C713259282,0.3,FAN_IN,Fan-in hub: 3 unique senders
C908968909,0.3,FAN_IN,Fan-in hub: 3 unique senders
C713135584,0.3,FAN_IN,Fan-in hub: 3 unique senders
C713031468,0.3,FAN_IN,Fan-in hub: 3 unique senders
C712794551,0.3,FAN_IN,Fan-in hub: 3 unique senders
C7102200,0.3,FAN_IN,Fan-in hub: 3 unique senders
C90898002,0.3,FAN_IN,Fan-in hub: 3 unique senders
C707741594,0.3,FAN_IN,Fan-in hub: 3 unique senders
C707696424,0.3,FAN_IN,Fan-in hub: 3 unique senders
C706804135,0.3,FAN_IN,Fan-in hub: 3 unique senders
C909189148,0.3,FAN_IN,Fan-in hub: 3 unique senders
C706218804,0.3,FAN_IN,Fan-in hub: 3 unique senders
C705454599,0.3,FAN_IN,Fan-in hub: 3 unique senders
C909507736,0.3,FAN_IN,Fan-in hub: 3 unique senders
C763065443,0.3,FAN_IN,Fan-in hub: 3 unique senders
C763486379,0.3,FAN_IN,Fan-in hub: 3 unique senders
C483047966,0.3,FAN_IN,Fan-in hub: 3 unique senders
C835689850,0.3,FAN_IN,Fan-in hub: 3 unique senders
C831547338,0.3,FAN_IN,Fan-in hub: 3 unique senders
C831897456,0.3,FAN_IN,Fan-in hub: 3 unique senders
C832150289,0.3,FAN_IN,Fan-in hub: 3 unique senders
C832993050,0.3,FAN_IN,Fan-in hub: 3 unique senders
C876137023,0.3,FAN_IN,Fan-in hub: 3 unique senders
C834380248,0.3,FAN_IN,Fan-in hub: 3 unique senders
C83642863,0.3,FAN_IN,Fan-in hub: 3 unique senders
C829125188,0.3,FAN_IN,Fan-in hub: 3 unique senders
C836633488,0.3,FAN_IN,Fan-in hub: 3 unique senders
C836654363,0.3,FAN_IN,Fan-in hub: 3 unique senders
C83689034,0.3,FAN_IN,Fan-in hub: 3 unique senders
C839919065,0.3,FAN_IN,Fan-in hub: 3 unique senders
C875217148,0.3,FAN_IN,Fan-in hub: 3 unique senders
C841526392,0.3,FAN_IN,Fan-in hub: 3 unique senders
C829583034,0.3,FAN_IN,Fan-in hub: 3 unique senders
C82902764,0.3,FAN_IN,Fan-in hub: 3 unique senders
C813203510,0.3,FAN_IN,Fan-in hub: 3 unique senders
C822203675,0.3,FAN_IN,Fan-in hub: 3 unique senders
C81561383,0.3,FAN_IN,Fan-in hub: 3 unique senders
C817023457,0.3,FAN_IN,Fan-in hub: 3 unique senders
C818440541,0.3,FAN_IN,Fan-in hub: 3 unique senders
C877828698,0.3,FAN_IN,Fan-in hub: 3 unique senders
C877558987,0.3,FAN_IN,Fan-in hub: 3 unique senders
C821858970,0.3,FAN_IN,Fan-in hub: 3 unique senders
C822494531,0.3,FAN_IN,Fan-in hub: 3 unique senders
C827463706,0.3,FAN_IN,Fan-in hub: 3 unique senders
C822846387,0.3,FAN_IN,Fan-in hub: 3 unique senders
C823433641,0.3,FAN_IN,Fan-in hub: 3 unique senders
C823494857,0.3,FAN_IN,Fan-in hub: 3 unique senders
C824295699,0.3,FAN_IN,Fan-in hub: 3 unique senders
C827035772,0.3,FAN_IN,Fan-in hub: 3 unique senders
C876612603,0.3,FAN_IN,Fan-in hub: 3 unique senders
C843841200,0.3,FAN_IN,Fan-in hub: 3 unique senders
C843971862,0.3,FAN_IN,Fan-in hub: 3 unique senders
C844571163,0.3,FAN_IN,Fan-in hub: 3 unique senders
C86442797,0.3,FAN_IN,Fan-in hub: 3 unique senders
C859990725,0.3,FAN_IN,Fan-in hub: 3 unique senders
C861390957,0.3,FAN_IN,Fan-in hub: 3 unique senders
C86170378,0.3,FAN_IN,Fan-in hub: 3 unique senders
C862463599,0.3,FAN_IN,Fan-in hub: 3 unique senders
C862544969,0.3,FAN_IN,Fan-in hub: 3 unique senders
C862802920,0.3,FAN_IN,Fan-in hub: 3 unique senders
C87078434,0.3,FAN_IN,Fan-in hub: 3 unique senders
C845458261,0.3,FAN_IN,Fan-in hub: 3 unique senders
C870770731,0.3,FAN_IN,Fan-in hub: 3 unique senders
C864926599,0.3,FAN_IN,Fan-in hub: 3 unique senders
C869999690,0.3,FAN_IN,Fan-in hub: 3 unique senders
C866359467,0.3,FAN_IN,Fan-in hub: 3 unique senders
C866710867,0.3,FAN_IN,Fan-in hub: 3 unique senders
C868665298,0.3,FAN_IN,Fan-in hub: 3 unique senders
C85984960,0.3,FAN_IN,Fan-in hub: 3 unique senders
C859752644,0.3,FAN_IN,Fan-in hub: 3 unique senders
C874259769,0.3,FAN_IN,Fan-in hub: 3 unique senders
C85751293,0.3,FAN_IN,Fan-in hub: 3 unique senders
C856330227,0.3,FAN_IN,Fan-in hub: 3 unique senders
C87476519,0.3,FAN_IN,Fan-in hub: 3 unique senders
C852763707,0.3,FAN_IN,Fan-in hub: 3 unique senders
C852064143,0.3,FAN_IN,Fan-in hub: 3 unique senders
C852043931,0.3,FAN_IN,Fan-in hub: 3 unique senders
C874951728,0.3,FAN_IN,Fan-in hub: 3 unique senders
C850809406,0.3,FAN_IN,Fan-in hub: 3 unique senders
C850167980,0.3,FAN_IN,Fan-in hub: 3 unique senders
C84888045,0.3,FAN_IN,Fan-in hub: 3 unique senders
C847187609,0.3,FAN_IN,Fan-in hub: 3 unique senders
C846686689,0.3,FAN_IN,Fan-in hub: 3 unique senders
C846558430,0.3,FAN_IN,Fan-in hub: 3 unique senders
C846386388,0.3,FAN_IN,Fan-in hub: 3 unique senders
C814270414,0.3,FAN_IN,Fan-in hub: 3 unique senders
C878937621,0.3,FAN_IN,Fan-in hub: 3 unique senders
C765785271,0.3,FAN_IN,Fan-in hub: 3 unique senders
C789517141,0.3,FAN_IN,Fan-in hub: 3 unique senders
C785354402,0.3,FAN_IN,Fan-in hub: 3 unique senders
C785606577,0.3,FAN_IN,Fan-in hub: 3 unique senders
C785977898,0.3,FAN_IN,Fan-in hub: 3 unique senders
C786153659,0.3,FAN_IN,Fan-in hub: 3 unique senders
C786279347,0.3,FAN_IN,Fan-in hub: 3 unique senders
C786586700,0.3,FAN_IN,Fan-in hub: 3 unique senders
C790147718,0.3,FAN_IN,Fan-in hub: 3 unique senders
C886145258,0.3,FAN_IN,Fan-in hub: 3 unique senders
C790886408,0.3,FAN_IN,Fan-in hub: 3 unique senders
C791162093,0.3,FAN_IN,Fan-in hub: 3 unique senders
C791314219,0.3,FAN_IN,Fan-in hub: 3 unique senders
C792375661,0.3,FAN_IN,Fan-in hub: 3 unique senders
C792479275,0.3,FAN_IN,Fan-in hub: 3 unique senders
C792785583,0.3,FAN_IN,Fan-in hub: 3 unique senders
C782125772,0.3,FAN_IN,Fan-in hub: 3 unique senders
C77876616,0.3,FAN_IN,Fan-in hub: 3 unique senders
C811798239,0.3,FAN_IN,Fan-in hub: 3 unique senders
C772681684,0.3,FAN_IN,Fan-in hub: 3 unique senders
C765918451,0.3,FAN_IN,Fan-in hub: 3 unique senders
C767246168,0.3,FAN_IN,Fan-in hub: 3 unique senders
C767526962,0.3,FAN_IN,Fan-in hub: 3 unique senders
C770984752,0.3,FAN_IN,Fan-in hub: 3 unique senders
C771349177,0.3,FAN_IN,Fan-in hub: 3 unique senders
C771911134,0.3,FAN_IN,Fan-in hub: 3 unique senders
C772863309,0.3,FAN_IN,Fan-in hub: 3 unique senders
C778731861,0.3,FAN_IN,Fan-in hub: 3 unique senders
C772926106,0.3,FAN_IN,Fan-in hub: 3 unique senders
C77381685,0.3,FAN_IN,Fan-in hub: 3 unique senders
C774211662,0.3,FAN_IN,Fan-in hub: 3 unique senders
C774693479,0.3,FAN_IN,Fan-in hub: 3 unique senders
C774772804,0.3,FAN_IN,Fan-in hub: 3 unique senders
C778519208,0.3,FAN_IN,Fan-in hub: 3 unique senders
C885792946,0.3,FAN_IN,Fan-in hub: 3 unique senders
C793575098,0.3,FAN_IN,Fan-in hub: 3 unique senders
C794257469,0.3,FAN_IN,Fan-in hub: 3 unique senders
C881787892,0.3,FAN_IN,Fan-in hub: 3 unique senders
C80149348,0.3,FAN_IN,Fan-in hub: 3 unique senders
C801965910,0.3,FAN_IN,Fan-in hub: 3 unique senders
C80219725,0.3,FAN_IN,Fan-in hub: 3 unique senders
C803414490,0.3,FAN_IN,Fan-in hub: 3 unique senders
C804209888,0.3,FAN_IN,Fan-in hub: 3 unique senders
C804317331,0.3,FAN_IN,Fan-in hub: 3 unique senders
C804717322,0.3,FAN_IN,Fan-in hub: 3 unique senders
C794442424,0.3,FAN_IN,Fan-in hub: 3 unique senders
C879984730,0.3,FAN_IN,Fan-in hub: 3 unique senders
C808725007,0.3,FAN_IN,Fan-in hub: 3 unique senders
C808984940,0.3,FAN_IN,Fan-in hub: 3 unique senders
C879634954,0.3,FAN_IN,Fan-in hub: 3 unique senders
C810443624,0.3,FAN_IN,Fan-in hub: 3 unique senders
C811694767,0.3,FAN_IN,Fan-in hub: 3 unique senders
C801410598,0.3,FAN_IN,Fan-in hub: 3 unique senders
C882728370,0.3,FAN_IN,Fan-in hub: 3 unique senders
C801045461,0.3,FAN_IN,Fan-in hub: 3 unique senders
C800602162,0.3,FAN_IN,Fan-in hub: 3 unique senders
C800378513,0.3,FAN_IN,Fan-in hub: 3 unique senders
C799951248,0.3,FAN_IN,Fan-in hub: 3 unique senders
C799947209,0.3,FAN_IN,Fan-in hub: 3 unique senders
C883170014,0.3,FAN_IN,Fan-in hub: 3 unique senders
C79890680,0.3,FAN_IN,Fan-in hub: 3 unique senders
C798258660,0.3,FAN_IN,Fan-in hub: 3 unique senders
C798141803,0.3,FAN_IN,Fan-in hub: 3 unique senders
C797804882,0.3,FAN_IN,Fan-in hub: 3 unique senders
C797360742,0.3,FAN_IN,Fan-in hub: 3 unique senders
C796780526,0.3,FAN_IN,Fan-in hub: 3 unique senders
C796064093,0.3,FAN_IN,Fan-in hub: 3 unique senders
C795859013,0.3,FAN_IN,Fan-in hub: 3 unique senders
C795714960,0.3,FAN_IN,Fan-in hub: 3 unique senders
C67973567,0.3,FAN_IN,Fan-in hub: 3 unique senders
C679266504,0.3,FAN_IN,Fan-in hub: 3 unique senders
C679197599,0.3,FAN_IN,Fan-in hub: 3 unique senders
C548708102,0.3,FAN_IN,Fan-in hub: 3 unique senders
C546074810,0.3,FAN_IN,Fan-in hub: 3 unique senders
C547024348,0.3,FAN_IN,Fan-in hub: 3 unique senders
C547049864,0.3,FAN_IN,Fan-in hub: 3 unique senders
C547081445,0.3,FAN_IN,Fan-in hub: 3 unique senders
C547972184,0.3,FAN_IN,Fan-in hub: 3 unique senders
C547985025,0.3,FAN_IN,Fan-in hub: 3 unique senders
C548970761,0.3,FAN_IN,Fan-in hub: 3 unique senders
C541224948,0.3,FAN_IN,Fan-in hub: 3 unique senders
C549132990,0.3,FAN_IN,Fan-in hub: 3 unique senders
C549731742,0.3,FAN_IN,Fan-in hub: 3 unique senders
C923810113,0.3,FAN_IN,Fan-in hub: 3 unique senders
C549829132,0.3,FAN_IN,Fan-in hub: 3 unique senders
C550273033,0.3,FAN_IN,Fan-in hub: 3 unique senders
C550400328,0.3,FAN_IN,Fan-in hub: 3 unique senders
C545710008,0.3,FAN_IN,Fan-in hub: 3 unique senders
C540360827,0.3,FAN_IN,Fan-in hub: 3 unique senders
C528597834,0.3,FAN_IN,Fan-in hub: 3 unique senders
C533365233,0.3,FAN_IN,Fan-in hub: 3 unique senders
C52998021,0.3,FAN_IN,Fan-in hub: 3 unique senders
C530279256,0.3,FAN_IN,Fan-in hub: 3 unique senders
C531874044,0.3,FAN_IN,Fan-in hub: 3 unique senders
C531963682,0.3,FAN_IN,Fan-in hub: 3 unique senders
C924131081,0.3,FAN_IN,Fan-in hub: 3 unique senders
C532401631,0.3,FAN_IN,Fan-in hub: 3 unique senders
C534523205,0.3,FAN_IN,Fan-in hub: 3 unique senders
C539131383,0.3,FAN_IN,Fan-in hub: 3 unique senders
C535666913,0.3,FAN_IN,Fan-in hub: 3 unique senders
C537141886,0.3,FAN_IN,Fan-in hub: 3 unique senders
C538679361,0.3,FAN_IN,Fan-in hub: 3 unique senders
C923889685,0.3,FAN_IN,Fan-in hub: 3 unique senders
C538877592,0.3,FAN_IN,Fan-in hub: 3 unique senders
C923858526,0.3,FAN_IN,Fan-in hub: 3 unique senders
C551973690,0.3,FAN_IN,Fan-in hub: 3 unique senders
C552077072,0.3,FAN_IN,Fan-in hub: 3 unique senders
C553116678,0.3,FAN_IN,Fan-in hub: 3 unique senders
C565464565,0.3,FAN_IN,Fan-in hub: 3 unique senders
C562003595,0.3,FAN_IN,Fan-in hub: 3 unique senders
C562753111,0.3,FAN_IN,Fan-in hub: 3 unique senders
C563360536,0.3,FAN_IN,Fan-in hub: 3 unique senders
C564233215,0.3,FAN_IN,Fan-in hub: 3 unique senders
C564959573,0.3,FAN_IN,Fan-in hub: 3 unique senders
C565257890,0.3,FAN_IN,Fan-in hub: 3 unique senders
C565550254,0.3,FAN_IN,Fan-in hub: 3 unique senders
C554177043,0.3,FAN_IN,Fan-in hub: 3 unique senders
C566073834,0.3,FAN_IN,Fan-in hub: 3 unique senders
C566947349,0.3,FAN_IN,Fan-in hub: 3 unique senders
C567463122,0.3,FAN_IN,Fan-in hub: 3 unique senders
C567771157,0.3,FAN_IN,Fan-in hub: 3 unique senders
C568742791,0.3,FAN_IN,Fan-in hub: 3 unique senders
C569388114,0.3,FAN_IN,Fan-in hub: 3 unique senders
C561494470,0.3,FAN_IN,Fan-in hub: 3 unique senders
C561232177,0.3,FAN_IN,Fan-in hub: 3 unique senders
C561043497,0.3,FAN_IN,Fan-in hub: 3 unique senders
C560679430,0.3,FAN_IN,Fan-in hub: 3 unique senders
C560644104,0.3,FAN_IN,Fan-in hub: 3 unique senders
C560139849,0.3,FAN_IN,Fan-in hub: 3 unique senders
C560068946,0.3,FAN_IN,Fan-in hub: 3 unique senders
C559382492,0.3,FAN_IN,Fan-in hub: 3 unique senders
C55867708,0.3,FAN_IN,Fan-in hub: 3 unique senders
C923614345,0.3,FAN_IN,Fan-in hub: 3 unique senders
C558112519,0.3,FAN_IN,Fan-in hub: 3 unique senders
C557030255,0.3,FAN_IN,Fan-in hub: 3 unique senders
C556913457,0.3,FAN_IN,Fan-in hub: 3 unique senders
C556396592,0.3,FAN_IN,Fan-in hub: 3 unique senders
C555603198,0.3,FAN_IN,Fan-in hub: 3 unique senders
C555579110,0.3,FAN_IN,Fan-in hub: 3 unique senders
C2054164965,0.3,FAN_IN,Fan-in hub: 3 unique senders
C529078202,0.3,FAN_IN,Fan-in hub: 3 unique senders
C527664769,0.3,FAN_IN,Fan-in hub: 3 unique senders
C679048492,0.3,FAN_IN,Fan-in hub: 3 unique senders
C50266713,0.3,FAN_IN,Fan-in hub: 3 unique senders
C49449701,0.3,FAN_IN,Fan-in hub: 3 unique senders
C495853385,0.3,FAN_IN,Fan-in hub: 3 unique senders
C498754822,0.3,FAN_IN,Fan-in hub: 3 unique senders
C498877935,0.3,FAN_IN,Fan-in hub: 3 unique senders
C502006645,0.3,FAN_IN,Fan-in hub: 3 unique senders
C930151884,0.3,FAN_IN,Fan-in hub: 3 unique senders
C50292829,0.3,FAN_IN,Fan-in hub: 3 unique senders
C49405661,0.3,FAN_IN,Fan-in hub: 3 unique senders
C503413071,0.3,FAN_IN,Fan-in hub: 3 unique senders
C928903755,0.3,FAN_IN,Fan-in hub: 3 unique senders
C928005990,0.3,FAN_IN,Fan-in hub: 3 unique senders
C503856278,0.3,FAN_IN,Fan-in hub: 3 unique senders
C505289964,0.3,FAN_IN,Fan-in hub: 3 unique senders
C505955686,0.3,FAN_IN,Fan-in hub: 3 unique senders
C494169002,0.3,FAN_IN,Fan-in hub: 3 unique senders
C492622613,0.3,FAN_IN,Fan-in hub: 3 unique senders
C924320535,0.3,FAN_IN,Fan-in hub: 3 unique senders
C933931888,0.3,FAN_IN,Fan-in hub: 3 unique senders
C935650295,0.3,FAN_IN,Fan-in hub: 3 unique senders
C483287972,0.3,FAN_IN,Fan-in hub: 3 unique senders
C483650052,0.3,FAN_IN,Fan-in hub: 3 unique senders
C485747729,0.3,FAN_IN,Fan-in hub: 3 unique senders
C487428419,0.3,FAN_IN,Fan-in hub: 3 unique senders
C488422911,0.3,FAN_IN,Fan-in hub: 3 unique senders
C48912805,0.3,FAN_IN,Fan-in hub: 3 unique senders
C930460737,0.3,FAN_IN,Fan-in hub: 3 unique senders
C932736431,0.3,FAN_IN,Fan-in hub: 3 unique senders
C931937778,0.3,FAN_IN,Fan-in hub: 3 unique senders
C490966498,0.3,FAN_IN,Fan-in hub: 3 unique senders
C49127966,0.3,FAN_IN,Fan-in hub: 3 unique senders
C931640531,0.3,FAN_IN,Fan-in hub: 3 unique senders
C491612262,0.3,FAN_IN,Fan-in hub: 3 unique senders
C50677035,0.3,FAN_IN,Fan-in hub: 3 unique senders
C5070519,0.3,FAN_IN,Fan-in hub: 3 unique senders
C507421541,0.3,FAN_IN,Fan-in hub: 3 unique senders
C520567801,0.3,FAN_IN,Fan-in hub: 3 unique senders
C519670765,0.3,FAN_IN,Fan-in hub: 3 unique senders
C926433597,0.3,FAN_IN,Fan-in hub: 3 unique senders
C92526948,0.3,FAN_IN,Fan-in hub: 3 unique senders
C519871318,0.3,FAN_IN,Fan-in hub: 3 unique senders
C925112795,0.3,FAN_IN,Fan-in hub: 3 unique senders
C520500428,0.3,FAN_IN,Fan-in hub: 3 unique senders
C521185076,0.3,FAN_IN,Fan-in hub: 3 unique senders
C508001057,0.3,FAN_IN,Fan-in hub: 3 unique senders
C521364787,0.3,FAN_IN,Fan-in hub: 3 unique senders
C522001237,0.3,FAN_IN,Fan-in hub: 3 unique senders
C522479893,0.3,FAN_IN,Fan-in hub: 3 unique senders
C522742218,0.3,FAN_IN,Fan-in hub: 3 unique senders
C924361734,0.3,FAN_IN,Fan-in hub: 3 unique senders
C527030473,0.3,FAN_IN,Fan-in hub: 3 unique senders
C51842649,0.3,FAN_IN,Fan-in hub: 3 unique senders
C518415542,0.3,FAN_IN,Fan-in hub: 3 unique senders
C518041550,0.3,FAN_IN,Fan-in hub: 3 unique senders
C517989185,0.3,FAN_IN,Fan-in hub: 3 unique senders
C517405401,0.3,FAN_IN,Fan-in hub: 3 unique senders
C51632902,0.3,FAN_IN,Fan-in hub: 3 unique senders
C515108995,0.3,FAN_IN,Fan-in hub: 3 unique senders
C51509520,0.3,FAN_IN,Fan-in hub: 3 unique senders
C927092857,0.3,FAN_IN,Fan-in hub: 3 unique senders
C515033075,0.3,FAN_IN,Fan-in hub: 3 unique senders
C513347509,0.3,FAN_IN,Fan-in hub: 3 unique senders
C512905060,0.3,FAN_IN,Fan-in hub: 3 unique senders
C511987522,0.3,FAN_IN,Fan-in hub: 3 unique senders
C511576631,0.3,FAN_IN,Fan-in hub: 3 unique senders
C511541453,0.3,FAN_IN,Fan-in hub: 3 unique senders
C509507796,0.3,FAN_IN,Fan-in hub: 3 unique senders
C509282150,0.3,FAN_IN,Fan-in hub: 3 unique senders
C569948004,0.3,FAN_IN,Fan-in hub: 3 unique senders
C571235422,0.3,FAN_IN,Fan-in hub: 3 unique senders
C571419568,0.3,FAN_IN,Fan-in hub: 3 unique senders
C916063302,0.3,FAN_IN,Fan-in hub: 3 unique senders
C644784288,0.3,FAN_IN,Fan-in hub: 3 unique senders
C917412745,0.3,FAN_IN,Fan-in hub: 3 unique senders
C64497195,0.3,FAN_IN,Fan-in hub: 3 unique senders
C644982948,0.3,FAN_IN,Fan-in hub: 3 unique senders
C645219908,0.3,FAN_IN,Fan-in hub: 3 unique senders
C648151864,0.3,FAN_IN,Fan-in hub: 3 unique senders
C648574227,0.3,FAN_IN,Fan-in hub: 3 unique senders
C917836053,0.3,FAN_IN,Fan-in hub: 3 unique senders
C648885257,0.3,FAN_IN,Fan-in hub: 3 unique senders
C915801858,0.3,FAN_IN,Fan-in hub: 3 unique senders
C650047838,0.3,FAN_IN,Fan-in hub: 3 unique senders
C650297400,0.3,FAN_IN,Fan-in hub: 3 unique senders
C650364950,0.3,FAN_IN,Fan-in hub: 3 unique senders
C651059502,0.3,FAN_IN,Fan-in hub: 3 unique senders
C643152776,0.3,FAN_IN,Fan-in hub: 3 unique senders
C641241779,0.3,FAN_IN,Fan-in hub: 3 unique senders
C571485279,0.3,FAN_IN,Fan-in hub: 3 unique senders
C635955928,0.3,FAN_IN,Fan-in hub: 3 unique senders
C630783571,0.3,FAN_IN,Fan-in hub: 3 unique senders
C631258019,0.3,FAN_IN,Fan-in hub: 3 unique senders
C631913557,0.3,FAN_IN,Fan-in hub: 3 unique senders
C633097483,0.3,FAN_IN,Fan-in hub: 3 unique senders
C634129595,0.3,FAN_IN,Fan-in hub: 3 unique senders
C635281078,0.3,FAN_IN,Fan-in hub: 3 unique senders
C918263335,0.3,FAN_IN,Fan-in hub: 3 unique senders
C641082490,0.3,FAN_IN,Fan-in hub: 3 unique senders
C639646553,0.3,FAN_IN,Fan-in hub: 3 unique senders
C639748309,0.3,FAN_IN,Fan-in hub: 3 unique senders
C91815101,0.3,FAN_IN,Fan-in hub: 3 unique senders
C639862924,0.3,FAN_IN,Fan-in hub: 3 unique senders
C640519939,0.3,FAN_IN,Fan-in hub: 3 unique senders
C640758149,0.3,FAN_IN,Fan-in hub: 3 unique senders
C651575957,0.3,FAN_IN,Fan-in hub: 3 unique senders
C652461400,0.3,FAN_IN,Fan-in hub: 3 unique senders
C653750309,0.3,FAN_IN,Fan-in hub: 3 unique senders
C671471142,0.3,FAN_IN,Fan-in hub: 3 unique senders
C667131879,0.3,FAN_IN,Fan-in hub: 3 unique senders
C667358977,0.3,FAN_IN,Fan-in hub: 3 unique senders
C669184489,0.3,FAN_IN,Fan-in hub: 3 unique senders
C669904384,0.3,FAN_IN,Fan-in hub: 3 unique senders
C669984139,0.3,FAN_IN,Fan-in hub: 3 unique senders
C670279607,0.3,FAN_IN,Fan-in hub: 3 unique senders
C914333495,0.3,FAN_IN,Fan-in hub: 3 unique senders
C915170480,0.3,FAN_IN,Fan-in hub: 3 unique senders
C671941439,0.3,FAN_IN,Fan-in hub: 3 unique senders
C672049775,0.3,FAN_IN,Fan-in hub: 3 unique senders
C675101772,0.3,FAN_IN,Fan-in hub: 3 unique senders
C676187748,0.3,FAN_IN,Fan-in hub: 3 unique senders
C677253378,0.3,FAN_IN,Fan-in hub: 3 unique senders
C678300942,0.3,FAN_IN,Fan-in hub: 3 unique senders
C914885165,0.3,FAN_IN,Fan-in hub: 3 unique senders
C666511011,0.3,FAN_IN,Fan-in hub: 3 unique senders
C665059174,0.3,FAN_IN,Fan-in hub: 3 unique senders
C664606759,0.3,FAN_IN,Fan-in hub: 3 unique senders
C663597198,0.3,FAN_IN,Fan-in hub: 3 unique senders
C663565442,0.3,FAN_IN,Fan-in hub: 3 unique senders
C914980435,0.3,FAN_IN,Fan-in hub: 3 unique senders
C663461603,0.3,FAN_IN,Fan-in hub: 3 unique senders
C661821657,0.3,FAN_IN,Fan-in hub: 3 unique senders
C659642555,0.3,FAN_IN,Fan-in hub: 3 unique senders
C659339700,0.3,FAN_IN,Fan-in hub: 3 unique senders
C658832854,0.3,FAN_IN,Fan-in hub: 3 unique senders
C658423405,0.3,FAN_IN,Fan-in hub: 3 unique senders
C658332814,0.3,FAN_IN,Fan-in hub: 3 unique senders
C657411220,0.3,FAN_IN,Fan-in hub: 3 unique senders
C654460218,0.3,FAN_IN,Fan-in hub: 3 unique senders
C654232052,0.3,FAN_IN,Fan-in hub: 3 unique senders
C918320114,0.3,FAN_IN,Fan-in hub: 3 unique senders
C630371504,0.3,FAN_IN,Fan-in hub: 3 unique senders
C628755662,0.3,FAN_IN,Fan-in hub: 3 unique senders
C590995675,0.3,FAN_IN,Fan-in hub: 3 unique senders
C586382303,0.3,FAN_IN,Fan-in hub: 3 unique senders
C586398353,0.3,FAN_IN,Fan-in hub: 3 unique senders
C920240070,0.3,FAN_IN,Fan-in hub: 3 unique senders
C588409943,0.3,FAN_IN,Fan-in hub: 3 unique senders
C58987196,0.3,FAN_IN,Fan-in hub: 3 unique senders
C590813928,0.3,FAN_IN,Fan-in hub: 3 unique senders
C59145488,0.3,FAN_IN,Fan-in hub: 3 unique senders
C595857403,0.3,FAN_IN,Fan-in hub: 3 unique senders
C919789591,0.3,FAN_IN,Fan-in hub: 3 unique senders
C59164419,0.3,FAN_IN,Fan-in hub: 3 unique senders
C593249883,0.3,FAN_IN,Fan-in hub: 3 unique senders
C59421508,0.3,FAN_IN,Fan-in hub: 3 unique senders
C594273812,0.3,FAN_IN,Fan-in hub: 3 unique senders
C594644791,0.3,FAN_IN,Fan-in hub: 3 unique senders
C920670815,0.3,FAN_IN,Fan-in hub: 3 unique senders
C58637035,0.3,FAN_IN,Fan-in hub: 3 unique senders
C586044483,0.3,FAN_IN,Fan-in hub: 3 unique senders
C585292373,0.3,FAN_IN,Fan-in hub: 3 unique senders
C584469649,0.3,FAN_IN,Fan-in hub: 3 unique senders
C584231619,0.3,FAN_IN,Fan-in hub: 3 unique senders
C583920666,0.3,FAN_IN,Fan-in hub: 3 unique senders
C580319797,0.3,FAN_IN,Fan-in hub: 3 unique senders
C580075311,0.3,FAN_IN,Fan-in hub: 3 unique senders
C5782712,0.3,FAN_IN,Fan-in hub: 3 unique senders
C577839859,0.3,FAN_IN,Fan-in hub: 3 unique senders
C577318114,0.3,FAN_IN,Fan-in hub: 3 unique senders
C576794577,0.3,FAN_IN,Fan-in hub: 3 unique senders
C575830115,0.3,FAN_IN,Fan-in hub: 3 unique senders
C923024760,0.3,FAN_IN,Fan-in hub: 3 unique senders
C575393260,0.3,FAN_IN,Fan-in hub: 3 unique senders
C572189911,0.3,FAN_IN,Fan-in hub: 3 unique senders
C595013431,0.3,FAN_IN,Fan-in hub: 3 unique senders
C596474829,0.3,FAN_IN,Fan-in hub: 3 unique senders
C628596916,0.3,FAN_IN,Fan-in hub: 3 unique senders
C62427197,0.3,FAN_IN,Fan-in hub: 3 unique senders
C617182459,0.3,FAN_IN,Fan-in hub: 3 unique senders
C619425560,0.3,FAN_IN,Fan-in hub: 3 unique senders
C61951205,0.3,FAN_IN,Fan-in hub: 3 unique senders
C619710053,0.3,FAN_IN,Fan-in hub: 3 unique senders
C621151900,0.3,FAN_IN,Fan-in hub: 3 unique senders
C622277533,0.3,FAN_IN,Fan-in hub: 3 unique senders
C624362226,0.3,FAN_IN,Fan-in hub: 3 unique senders
C598509092,0.3,FAN_IN,Fan-in hub: 3 unique senders
C625602764,0.3,FAN_IN,Fan-in hub: 3 unique senders
C62567324,0.3,FAN_IN,Fan-in hub: 3 unique senders
C625994855,0.3,FAN_IN,Fan-in hub: 3 unique senders
C626225561,0.3,FAN_IN,Fan-in hub: 3 unique senders
C626904764,0.3,FAN_IN,Fan-in hub: 3 unique senders
C627103852,0.3,FAN_IN,Fan-in hub: 3 unique senders
C614444077,0.3,FAN_IN,Fan-in hub: 3 unique senders
C919108417,0.3,FAN_IN,Fan-in hub: 3 unique senders
C613935961,0.3,FAN_IN,Fan-in hub: 3 unique senders
C613737379,0.3,FAN_IN,Fan-in hub: 3 unique senders
C608507240,0.3,FAN_IN,Fan-in hub: 3 unique senders
C608381752,0.3,FAN_IN,Fan-in hub: 3 unique senders
C607184086,0.3,FAN_IN,Fan-in hub: 3 unique senders
C606914329,0.3,FAN_IN,Fan-in hub: 3 unique senders
C919370885,0.3,FAN_IN,Fan-in hub: 3 unique senders
C919459388,0.3,FAN_IN,Fan-in hub: 3 unique senders
C604304356,0.3,FAN_IN,Fan-in hub: 3 unique senders
C603873495,0.3,FAN_IN,Fan-in hub: 3 unique senders
C603871542,0.3,FAN_IN,Fan-in hub: 3 unique senders
C603812765,0.3,FAN_IN,Fan-in hub: 3 unique senders
C603544006,0.3,FAN_IN,Fan-in hub: 3 unique senders
C602117252,0.3,FAN_IN,Fan-in hub: 3 unique senders
C600513235,0.3,FAN_IN,Fan-in hub: 3 unique senders
C554987925,0.3,FAN_IN,Fan-in hub: 3 unique senders
C100028684,0.3,FAN_IN,Fan-in hub: 3 unique senders
C205351575,0.3,FAN_IN,Fan-in hub: 3 unique senders
C1367621087,0.3,FAN_IN,Fan-in hub: 3 unique senders
C1361009724,0.3,FAN_IN,Fan-in hub: 3 unique senders
C136195084,0.3,FAN_IN,Fan-in hub: 3 unique senders
C1363274196,0.3,FAN_IN,Fan-in hub: 3 unique senders
C1363612589,0.3,FAN_IN,Fan-in hub: 3 unique senders
C136372807,0.3,FAN_IN,Fan-in hub: 3 unique senders
C1364168168,0.3,FAN_IN,Fan-in hub: 3 unique senders
C1364411798,0.3,FAN_IN,Fan-in hub: 3 unique senders
C136866485,0.3,FAN_IN,Fan-in hub: 3 unique senders
C1377194794,0.3,FAN_IN,Fan-in hub: 3 unique senders
C1370031809,0.3,FAN_IN,Fan-in hub: 3 unique senders
C1370336635,0.3,FAN_IN,Fan-in hub: 3 unique senders
C1372521860,0.3,FAN_IN,Fan-in hub: 3 unique senders
C1372892210,0.3,FAN_IN,Fan-in hub: 3 unique senders
C1373253294,0.3,FAN_IN,Fan-in hub: 3 unique senders
C1373674575,0.3,FAN_IN,Fan-in hub: 3 unique senders
C1374874117,0.3,FAN_IN,Fan-in hub: 3 unique senders
C1358912494,0.3,FAN_IN,Fan-in hub: 3 unique senders
C135835244,0.3,FAN_IN,Fan-in hub: 3 unique senders
C1357935666,0.3,FAN_IN,Fan-in hub: 3 unique senders
C1353218457,0.3,FAN_IN,Fan-in hub: 3 unique senders
C1343830132,0.3,FAN_IN,Fan-in hub: 3 unique senders
C1344093246,0.3,FAN_IN,Fan-in hub: 3 unique senders
C1344599071,0.3,FAN_IN,Fan-in hub: 3 unique senders
C1345019209,0.3,FAN_IN,Fan-in hub: 3 unique senders
C13451773,0.3,FAN_IN,Fan-in hub: 3 unique senders
C1346615372,0.3,FAN_IN,Fan-in hub: 3 unique senders
C1347454925,0.3,FAN_IN,Fan-in hub: 3 unique senders
C1348033186,0.3,FAN_IN,Fan-in hub: 3 unique senders
C1348441133,0.3,FAN_IN,Fan-in hub: 3 unique senders
C1348974108,0.3,FAN_IN,Fan-in hub: 3 unique senders
C1349605251,0.3,FAN_IN,Fan-in hub: 3 unique senders
C1350061641,0.3,FAN_IN,Fan-in hub: 3 unique senders
C1351811518,0.3,FAN_IN,Fan-in hub: 3 unique senders
C1352797688,0.3,FAN_IN,Fan-in hub: 3 unique senders
C1353000431,0.3,FAN_IN,Fan-in hub: 3 unique senders
C1374967966,0.3,FAN_IN,Fan-in hub: 3 unique senders
C137909087,0.3,FAN_IN,Fan-in hub: 3 unique senders
C13429851,0.3,FAN_IN,Fan-in hub: 3 unique senders
C1398929080,0.3,FAN_IN,Fan-in hub: 3 unique senders
C1394197444,0.3,FAN_IN,Fan-in hub: 3 unique senders
C139471297,0.3,FAN_IN,Fan-in hub: 3 unique senders
C1394733669,0.3,FAN_IN,Fan-in hub: 3 unique senders
C1396288178,0.3,FAN_IN,Fan-in hub: 3 unique senders
C139652442,0.3,FAN_IN,Fan-in hub: 3 unique senders
C1396826400,0.3,FAN_IN,Fan-in hub: 3 unique senders
C1398627288,0.3,FAN_IN,Fan-in hub: 3 unique senders
C1399208423,0.3,FAN_IN,Fan-in hub: 3 unique senders
C1381916267,0.3,FAN_IN,Fan-in hub: 3 unique senders
C1400586634,0.3,FAN_IN,Fan-in hub: 3 unique senders
C1401932023,0.3,FAN_IN,Fan-in hub: 3 unique senders
C1402656734,0.3,FAN_IN,Fan-in hub: 3 unique senders
C1402741180,0.3,FAN_IN,Fan-in hub: 3 unique senders
C1402855933,0.3,FAN_IN,Fan-in hub: 3 unique senders
C1403071677,0.3,FAN_IN,Fan-in hub: 3 unique senders
C1404651480,0.3,FAN_IN,Fan-in hub: 3 unique senders
C1393191456,0.3,FAN_IN,Fan-in hub: 3 unique senders
C1393115358,0.3,FAN_IN,Fan-in hub: 3 unique senders
C1392709899,0.3,FAN_IN,Fan-in hub: 3 unique senders
C1392625668,0.3,FAN_IN,Fan-in hub: 3 unique senders
C1382138957,0.3,FAN_IN,Fan-in hub: 3 unique senders
C1384782374,0.3,FAN_IN,Fan-in hub: 3 unique senders
C1384856020,0.3,FAN_IN,Fan-in hub: 3 unique senders
C1385043654,0.3,FAN_IN,Fan-in hub: 3 unique senders
C138524238,0.3,FAN_IN,Fan-in hub: 3 unique senders
C1385299439,0.3,FAN_IN,Fan-in hub: 3 unique senders
C1386243118,0.3,FAN_IN,Fan-in hub: 3 unique senders
C1388341962,0.3,FAN_IN,Fan-in hub: 3 unique senders
C138950678,0.3,FAN_IN,Fan-in hub: 3 unique senders
C1389654909,0.3,FAN_IN,Fan-in hub: 3 unique senders
C1389685123,0.3,FAN_IN,Fan-in hub: 3 unique senders
C1390748298,0.3,FAN_IN,Fan-in hub: 3 unique senders
C1391030812,0.3,FAN_IN,Fan-in hub: 3 unique senders
C1391866493,0.3,FAN_IN,Fan-in hub: 3 unique senders
C139214721,0.3,FAN_IN,Fan-in hub: 3 unique senders
C1343399475,0.3,FAN_IN,Fan-in hub: 3 unique senders
C1341536929,0.3,FAN_IN,Fan-in hub: 3 unique senders
C1405146624,0.3,FAN_IN,Fan-in hub: 3 unique senders
C1294939122,0.3,FAN_IN,Fan-in hub: 3 unique senders
C1286095959,0.3,FAN_IN,Fan-in hub: 3 unique senders
C1286608800,0.3,FAN_IN,Fan-in hub: 3 unique senders
C1287979040,0.3,FAN_IN,Fan-in hub: 3 unique senders
C1289336507,0.3,FAN_IN,Fan-in hub: 3 unique senders
C1289499816,0.3,FAN_IN,Fan-in hub: 3 unique senders
C1290254881,0.3,FAN_IN,Fan-in hub: 3 unique senders
C1290764514,0.3,FAN_IN,Fan-in hub: 3 unique senders
C1295449318,0.3,FAN_IN,Fan-in hub: 3 unique senders
C1305075214,0.3,FAN_IN,Fan-in hub: 3 unique senders
C1297201884,0.3,FAN_IN,Fan-in hub: 3 unique senders
C129866793,0.3,FAN_IN,Fan-in hub: 3 unique senders
C1299457754,0.3,FAN_IN,Fan-in hub: 3 unique senders
C1301398424,0.3,FAN_IN,Fan-in hub: 3 unique senders
C1303830149,0.3,FAN_IN,Fan-in hub: 3 unique senders
C1304740979,0.3,FAN_IN,Fan-in hub: 3 unique senders
C1304948174,0.3,FAN_IN,Fan-in hub: 3 unique senders
C1285767868,0.3,FAN_IN,Fan-in hub: 3 unique senders
C128523843,0.3,FAN_IN,Fan-in hub: 3 unique senders
C1284038975,0.3,FAN_IN,Fan-in hub: 3 unique senders
C1283495170,0.3,FAN_IN,Fan-in hub: 3 unique senders
C1269740583,0.3,FAN_IN,Fan-in hub: 3 unique senders
C1270112916,0.3,FAN_IN,Fan-in hub: 3 unique senders
C1270809979,0.3,FAN_IN,Fan-in hub: 3 unique senders
C1271400222,0.3,FAN_IN,Fan-in hub: 3 unique senders
C1271884590,0.3,FAN_IN,Fan-in hub: 3 unique senders
C1272054459,0.3,FAN_IN,Fan-in hub: 3 unique senders
C1272284380,0.3,FAN_IN,Fan-in hub: 3 unique senders
C1272422498,0.3,FAN_IN,Fan-in hub: 3 unique senders
C1275918336,0.3,FAN_IN,Fan-in hub: 3 unique senders
C1275926441,0.3,FAN_IN,Fan-in hub: 3 unique senders
C1276044564,0.3,FAN_IN,Fan-in hub: 3 unique senders
C1276130713,0.3,FAN_IN,Fan-in hub: 3 unique senders
C1278104481,0.3,FAN_IN,Fan-in hub: 3 unique senders
C1280142729,0.3,FAN_IN,Fan-in hub: 3 unique senders
C1283034431,0.3,FAN_IN,Fan-in hub: 3 unique senders
C1304988210,0.3,FAN_IN,Fan-in hub: 3 unique senders
C1305219704,0.3,FAN_IN,Fan-in hub: 3 unique senders
C1340510647,0.3,FAN_IN,Fan-in hub: 3 unique senders
C133357406,0.3,FAN_IN,Fan-in hub: 3 unique senders
C1323869494,0.3,FAN_IN,Fan-in hub: 3 unique senders
C1324773506,0.3,FAN_IN,Fan-in hub: 3 unique senders
C1327824794,0.3,FAN_IN,Fan-in hub: 3 unique senders
C132791735,0.3,FAN_IN,Fan-in hub: 3 unique senders
C1329248322,0.3,FAN_IN,Fan-in hub: 3 unique senders
C1329439981,0.3,FAN_IN,Fan-in hub: 3 unique senders
C1332107000,0.3,FAN_IN,Fan-in hub: 3 unique senders
C1334251676,0.3,FAN_IN,Fan-in hub: 3 unique senders
C13055466,0.3,FAN_IN,Fan-in hub: 3 unique senders
C1334814896,0.3,FAN_IN,Fan-in hub: 3 unique senders
C1334901419,0.3,FAN_IN,Fan-in hub: 3 unique senders
C133596000,0.3,FAN_IN,Fan-in hub: 3 unique senders
C1336024160,0.3,FAN_IN,Fan-in hub: 3 unique senders
C1337692049,0.3,FAN_IN,Fan-in hub: 3 unique senders
C1339002691,0.3,FAN_IN,Fan-in hub: 3 unique senders
C1340425396,0.3,FAN_IN,Fan-in hub: 3 unique senders
C132307643,0.3,FAN_IN,Fan-in hub: 3 unique senders
C132253946,0.3,FAN_IN,Fan-in hub: 3 unique senders
C1320060935,0.3,FAN_IN,Fan-in hub: 3 unique senders
C1319641561,0.3,FAN_IN,Fan-in hub: 3 unique senders
C1306132545,0.3,FAN_IN,Fan-in hub: 3 unique senders
C1308203588,0.3,FAN_IN,Fan-in hub: 3 unique senders
C1310164660,0.3,FAN_IN,Fan-in hub: 3 unique senders
C1310317424,0.3,FAN_IN,Fan-in hub: 3 unique senders
C1310451596,0.3,FAN_IN,Fan-in hub: 3 unique senders
C1312891884,0.3,FAN_IN,Fan-in hub: 3 unique senders
C1313123728,0.3,FAN_IN,Fan-in hub: 3 unique senders
C1313513978,0.3,FAN_IN,Fan-in hub: 3 unique senders
C1313727513,0.3,FAN_IN,Fan-in hub: 3 unique senders
C1314374280,0.3,FAN_IN,Fan-in hub: 3 unique senders
C1314749193,0.3,FAN_IN,Fan-in hub: 3 unique senders
C1317274241,0.3,FAN_IN,Fan-in hub: 3 unique senders
C1317504069,0.3,FAN_IN,Fan-in hub: 3 unique senders
C1318082137,0.3,FAN_IN,Fan-in hub: 3 unique senders
C1319090934,0.3,FAN_IN,Fan-in hub: 3 unique senders
C1404789740,0.3,FAN_IN,Fan-in hub: 3 unique senders
C1405535217,0.3,FAN_IN,Fan-in hub: 3 unique senders
C1267690055,0.3,FAN_IN,Fan-in hub: 3 unique senders
C1485647504,0.3,FAN_IN,Fan-in hub: 3 unique senders
C1481661017,0.3,FAN_IN,Fan-in hub: 3 unique senders
C1482284789,0.3,FAN_IN,Fan-in hub: 3 unique senders
C1482406394,0.3,FAN_IN,Fan-in hub: 3 unique senders
C1482794276,0.3,FAN_IN,Fan-in hub: 3 unique senders
C1482931645,0.3,FAN_IN,Fan-in hub: 3 unique senders
C1483613105,0.3,FAN_IN,Fan-in hub: 3 unique senders
C1485102910,0.3,FAN_IN,Fan-in hub: 3 unique senders
C1486344963,0.3,FAN_IN,Fan-in hub: 3 unique senders
C1500737964,0.3,FAN_IN,Fan-in hub: 3 unique senders
C1487305714,0.3,FAN_IN,Fan-in hub: 3 unique senders
C1488635365,0.3,FAN_IN,Fan-in hub: 3 unique senders
C1492134645,0.3,FAN_IN,Fan-in hub: 3 unique senders
C1493850283,0.3,FAN_IN,Fan-in hub: 3 unique senders
C1494688243,0.3,FAN_IN,Fan-in hub: 3 unique senders
C1494708254,0.3,FAN_IN,Fan-in hub: 3 unique senders
C1497577110,0.3,FAN_IN,Fan-in hub: 3 unique senders
C1481276143,0.3,FAN_IN,Fan-in hub: 3 unique senders
C1481087853,0.3,FAN_IN,Fan-in hub: 3 unique senders
C1480905486,0.3,FAN_IN,Fan-in hub: 3 unique senders
C1478848216,0.3,FAN_IN,Fan-in hub: 3 unique senders
C1467627257,0.3,FAN_IN,Fan-in hub: 3 unique senders
C14676632,0.3,FAN_IN,Fan-in hub: 3 unique senders
C1468064341,0.3,FAN_IN,Fan-in hub: 3 unique senders
C1468619118,0.3,FAN_IN,Fan-in hub: 3 unique senders
C146868632,0.3,FAN_IN,Fan-in hub: 3 unique senders
C1469006619,0.3,FAN_IN,Fan-in hub: 3 unique senders
C1469873683,0.3,FAN_IN,Fan-in hub: 3 unique senders
C1470334995,0.3,FAN_IN,Fan-in hub: 3 unique senders
C1470688874,0.3,FAN_IN,Fan-in hub: 3 unique senders
C1471875611,0.3,FAN_IN,Fan-in hub: 3 unique senders
C147357938,0.3,FAN_IN,Fan-in hub: 3 unique senders
C1474261437,0.3,FAN_IN,Fan-in hub: 3 unique senders
C1476175391,0.3,FAN_IN,Fan-in hub: 3 unique senders
C1477987853,0.3,FAN_IN,Fan-in hub: 3 unique senders
C1478745010,0.3,FAN_IN,Fan-in hub: 3 unique senders
C1498860993,0.3,FAN_IN,Fan-in hub: 3 unique senders
C1502230042,0.3,FAN_IN,Fan-in hub: 3 unique senders
C1465801244,0.3,FAN_IN,Fan-in hub: 3 unique senders
C152630827,0.3,FAN_IN,Fan-in hub: 3 unique senders
C1519019489,0.3,FAN_IN,Fan-in hub: 3 unique senders
C1519257309,0.3,FAN_IN,Fan-in hub: 3 unique senders
C1519590420,0.3,FAN_IN,Fan-in hub: 3 unique senders
C1520800796,0.3,FAN_IN,Fan-in hub: 3 unique senders
C1522769419,0.3,FAN_IN,Fan-in hub: 3 unique senders
C1524413685,0.3,FAN_IN,Fan-in hub: 3 unique senders
C1525639605,0.3,FAN_IN,Fan-in hub: 3 unique senders
C1527080692,0.3,FAN_IN,Fan-in hub: 3 unique senders
C1503405688,0.3,FAN_IN,Fan-in hub: 3 unique senders
C1530341250,0.3,FAN_IN,Fan-in hub: 3 unique senders
C1530868471,0.3,FAN_IN,Fan-in hub: 3 unique senders
C1531612787,0.3,FAN_IN,Fan-in hub: 3 unique senders
C1532153384,0.3,FAN_IN,Fan-in hub: 3 unique senders
C1532344738,0.3,FAN_IN,Fan-in hub: 3 unique senders
C1532714391,0.3,FAN_IN,Fan-in hub: 3 unique senders
C15338344,0.3,FAN_IN,Fan-in hub: 3 unique senders
C1517704093,0.3,FAN_IN,Fan-in hub: 3 unique senders
C1515110515,0.3,FAN_IN,Fan-in hub: 3 unique senders
C1515084758,0.3,FAN_IN,Fan-in hub: 3 unique senders
C1514861393,0.3,FAN_IN,Fan-in hub: 3 unique senders
C1503563529,0.3,FAN_IN,Fan-in hub: 3 unique senders
C1506051174,0.3,FAN_IN,Fan-in hub: 3 unique senders
C1506350729,0.3,FAN_IN,Fan-in hub: 3 unique senders
C1507655497,0.3,FAN_IN,Fan-in hub: 3 unique senders
C1508338443,0.3,FAN_IN,Fan-in hub: 3 unique senders
C1508469170,0.3,FAN_IN,Fan-in hub: 3 unique senders
C1509433925,0.3,FAN_IN,Fan-in hub: 3 unique senders
C1510982464,0.3,FAN_IN,Fan-in hub: 3 unique senders
C1511225787,0.3,FAN_IN,Fan-in hub: 3 unique senders
C1512509564,0.3,FAN_IN,Fan-in hub: 3 unique senders
C1513312150,0.3,FAN_IN,Fan-in hub: 3 unique senders
C1513618922,0.3,FAN_IN,Fan-in hub: 3 unique senders
C1513641979,0.3,FAN_IN,Fan-in hub: 3 unique senders
C1513748242,0.3,FAN_IN,Fan-in hub: 3 unique senders
C1513761394,0.3,FAN_IN,Fan-in hub: 3 unique senders
C1467332516,0.3,FAN_IN,Fan-in hub: 3 unique senders
C1465723302,0.3,FAN_IN,Fan-in hub: 3 unique senders
C1405667822,0.3,FAN_IN,Fan-in hub: 3 unique senders
C142415708,0.3,FAN_IN,Fan-in hub: 3 unique senders
C1421887546,0.3,FAN_IN,Fan-in hub: 3 unique senders
C1422278559,0.3,FAN_IN,Fan-in hub: 3 unique senders
C1423003075,0.3,FAN_IN,Fan-in hub: 3 unique senders
C1423245883,0.3,FAN_IN,Fan-in hub: 3 unique senders
C1423246212,0.3,FAN_IN,Fan-in hub: 3 unique senders
C1423357043,0.3,FAN_IN,Fan-in hub: 3 unique senders
C1423665799,0.3,FAN_IN,Fan-in hub: 3 unique senders
C1429014837,0.3,FAN_IN,Fan-in hub: 3 unique senders
C1435583470,0.3,FAN_IN,Fan-in hub: 3 unique senders
C1431027026,0.3,FAN_IN,Fan-in hub: 3 unique senders
C1432325906,0.3,FAN_IN,Fan-in hub: 3 unique senders
C1433213687,0.3,FAN_IN,Fan-in hub: 3 unique senders
C1434033331,0.3,FAN_IN,Fan-in hub: 3 unique senders
C1435030809,0.3,FAN_IN,Fan-in hub: 3 unique senders
C143506021,0.3,FAN_IN,Fan-in hub: 3 unique senders
C1435134128,0.3,FAN_IN,Fan-in hub: 3 unique senders
C1421637972,0.3,FAN_IN,Fan-in hub: 3 unique senders
C1421373604,0.3,FAN_IN,Fan-in hub: 3 unique senders
C1421091539,0.3,FAN_IN,Fan-in hub: 3 unique senders
C1419637778,0.3,FAN_IN,Fan-in hub: 3 unique senders
C140637427,0.3,FAN_IN,Fan-in hub: 3 unique senders
C140656682,0.3,FAN_IN,Fan-in hub: 3 unique senders
C1407326325,0.3,FAN_IN,Fan-in hub: 3 unique senders
C1407529873,0.3,FAN_IN,Fan-in hub: 3 unique senders
C1408538096,0.3,FAN_IN,Fan-in hub: 3 unique senders
C1409000148,0.3,FAN_IN,Fan-in hub: 3 unique senders
C1409726785,0.3,FAN_IN,Fan-in hub: 3 unique senders
C1411410767,0.3,FAN_IN,Fan-in hub: 3 unique senders
C1411726232,0.3,FAN_IN,Fan-in hub: 3 unique senders
C1412629241,0.3,FAN_IN,Fan-in hub: 3 unique senders
C1416474792,0.3,FAN_IN,Fan-in hub: 3 unique senders
C1416620672,0.3,FAN_IN,Fan-in hub: 3 unique senders
C1417485799,0.3,FAN_IN,Fan-in hub: 3 unique senders
C141784114,0.3,FAN_IN,Fan-in hub: 3 unique senders
C1418989352,0.3,FAN_IN,Fan-in hub: 3 unique senders
C1435337401,0.3,FAN_IN,Fan-in hub: 3 unique senders
C1436843931,0.3,FAN_IN,Fan-in hub: 3 unique senders
C1465083586,0.3,FAN_IN,Fan-in hub: 3 unique senders
C1457522188,0.3,FAN_IN,Fan-in hub: 3 unique senders
C1452378006,0.3,FAN_IN,Fan-in hub: 3 unique senders
C145391403,0.3,FAN_IN,Fan-in hub: 3 unique senders
C1454009968,0.3,FAN_IN,Fan-in hub: 3 unique senders
C1454706425,0.3,FAN_IN,Fan-in hub: 3 unique senders
C1455012781,0.3,FAN_IN,Fan-in hub: 3 unique senders
C1455885936,0.3,FAN_IN,Fan-in hub: 3 unique senders
C145649207,0.3,FAN_IN,Fan-in hub: 3 unique senders
C1458784580,0.3,FAN_IN,Fan-in hub: 3 unique senders
C1436933036,0.3,FAN_IN,Fan-in hub: 3 unique senders
C1459119309,0.3,FAN_IN,Fan-in hub: 3 unique senders
C1459943692,0.3,FAN_IN,Fan-in hub: 3 unique senders
C1461332855,0.3,FAN_IN,Fan-in hub: 3 unique senders
C1461626551,0.3,FAN_IN,Fan-in hub: 3 unique senders
C1462971605,0.3,FAN_IN,Fan-in hub: 3 unique senders
C1463948974,0.3,FAN_IN,Fan-in hub: 3 unique senders
C1464476266,0.3,FAN_IN,Fan-in hub: 3 unique senders
C1452159316,0.3,FAN_IN,Fan-in hub: 3 unique senders
C1452061240,0.3,FAN_IN,Fan-in hub: 3 unique senders
C1451051811,0.3,FAN_IN,Fan-in hub: 3 unique senders
C1450564895,0.3,FAN_IN,Fan-in hub: 3 unique senders
C1439560497,0.3,FAN_IN,Fan-in hub: 3 unique senders
C1440324792,0.3,FAN_IN,Fan-in hub: 3 unique senders
C1440616111,0.3,FAN_IN,Fan-in hub: 3 unique senders
C1441146637,0.3,FAN_IN,Fan-in hub: 3 unique senders
C1442313406,0.3,FAN_IN,Fan-in hub: 3 unique senders
C144299204,0.3,FAN_IN,Fan-in hub: 3 unique senders
C1443313712,0.3,FAN_IN,Fan-in hub: 3 unique senders
C1444863187,0.3,FAN_IN,Fan-in hub: 3 unique senders
C1445395724,0.3,FAN_IN,Fan-in hub: 3 unique senders
C1446761378,0.3,FAN_IN,Fan-in hub: 3 unique senders
C1447674939,0.3,FAN_IN,Fan-in hub: 3 unique senders
C1447772986,0.3,FAN_IN,Fan-in hub: 3 unique senders
C1448422999,0.3,FAN_IN,Fan-in hub: 3 unique senders
C1448534047,0.3,FAN_IN,Fan-in hub: 3 unique senders
C1449439002,0.3,FAN_IN,Fan-in hub: 3 unique senders
C1269647105,0.3,FAN_IN,Fan-in hub: 3 unique senders
C126611850,0.3,FAN_IN,Fan-in hub: 3 unique senders
C1535006357,0.3,FAN_IN,Fan-in hub: 3 unique senders
C1088770925,0.3,FAN_IN,Fan-in hub: 3 unique senders
C1082525469,0.3,FAN_IN,Fan-in hub: 3 unique senders
C1082654231,0.3,FAN_IN,Fan-in hub: 3 unique senders
C1083083920,0.3,FAN_IN,Fan-in hub: 3 unique senders
C1083645530,0.3,FAN_IN,Fan-in hub: 3 unique senders
C1084834515,0.3,FAN_IN,Fan-in hub: 3 unique senders
C1086650371,0.3,FAN_IN,Fan-in hub: 3 unique senders
C1087508513,0.3,FAN_IN,Fan-in hub: 3 unique senders
C108993453,0.3,FAN_IN,Fan-in hub: 3 unique senders
C1092813126,0.3,FAN_IN,Fan-in hub: 3 unique senders
C1090032812,0.3,FAN_IN,Fan-in hub: 3 unique senders
C1090069122,0.3,FAN_IN,Fan-in hub: 3 unique senders
C1090422316,0.3,FAN_IN,Fan-in hub: 3 unique senders
C1090527195,0.3,FAN_IN,Fan-in hub: 3 unique senders
C1091071142,0.3,FAN_IN,Fan-in hub: 3 unique senders
C1091313164,0.3,FAN_IN,Fan-in hub: 3 unique senders
C1092415172,0.3,FAN_IN,Fan-in hub: 3 unique senders
C1081300165,0.3,FAN_IN,Fan-in hub: 3 unique senders
C1079093349,0.3,FAN_IN,Fan-in hub: 3 unique senders
C1078621478,0.3,FAN_IN,Fan-in hub: 3 unique senders
C1077793900,0.3,FAN_IN,Fan-in hub: 3 unique senders
C1065493302,0.3,FAN_IN,Fan-in hub: 3 unique senders
C1066897079,0.3,FAN_IN,Fan-in hub: 3 unique senders
C1067252783,0.3,FAN_IN,Fan-in hub: 3 unique senders
C1067987194,0.3,FAN_IN,Fan-in hub: 3 unique senders
C1068355760,0.3,FAN_IN,Fan-in hub: 3 unique senders
C1068931339,0.3,FAN_IN,Fan-in hub: 3 unique senders
C1070887158,0.3,FAN_IN,Fan-in hub: 3 unique senders
C1072776184,0.3,FAN_IN,Fan-in hub: 3 unique senders
C1072785590,0.3,FAN_IN,Fan-in hub: 3 unique senders
C1073450565,0.3,FAN_IN,Fan-in hub: 3 unique senders
C107349247,0.3,FAN_IN,Fan-in hub: 3 unique senders
C1073726430,0.3,FAN_IN,Fan-in hub: 3 unique senders
C1074007984,0.3,FAN_IN,Fan-in hub: 3 unique senders
C1074323640,0.3,FAN_IN,Fan-in hub: 3 unique senders
C1075005879,0.3,FAN_IN,Fan-in hub: 3 unique senders
C1092477714,0.3,FAN_IN,Fan-in hub: 3 unique senders
C1094900488,0.3,FAN_IN,Fan-in hub: 3 unique senders
C1063232214,0.3,FAN_IN,Fan-in hub: 3 unique senders
C1122998737,0.3,FAN_IN,Fan-in hub: 3 unique senders
C1114906584,0.3,FAN_IN,Fan-in hub: 3 unique senders
C1115840923,0.3,FAN_IN,Fan-in hub: 3 unique senders
C1117400135,0.3,FAN_IN,Fan-in hub: 3 unique senders
C1118201985,0.3,FAN_IN,Fan-in hub: 3 unique senders
C11188130,0.3,FAN_IN,Fan-in hub: 3 unique senders
C1120638276,0.3,FAN_IN,Fan-in hub: 3 unique senders
C1122804808,0.3,FAN_IN,Fan-in hub: 3 unique senders
C1123235675,0.3,FAN_IN,Fan-in hub: 3 unique senders
C1095048134,0.3,FAN_IN,Fan-in hub: 3 unique senders
C112349377,0.3,FAN_IN,Fan-in hub: 3 unique senders
C1123631450,0.3,FAN_IN,Fan-in hub: 3 unique senders
C1124022775,0.3,FAN_IN,Fan-in hub: 3 unique senders
C112553581,0.3,FAN_IN,Fan-in hub: 3 unique senders
C1128064737,0.3,FAN_IN,Fan-in hub: 3 unique senders
C1129200349,0.3,FAN_IN,Fan-in hub: 3 unique senders
C1129730586,0.3,FAN_IN,Fan-in hub: 3 unique senders
C1114853795,0.3,FAN_IN,Fan-in hub: 3 unique senders
C1113315230,0.3,FAN_IN,Fan-in hub: 3 unique senders
C1113228657,0.3,FAN_IN,Fan-in hub: 3 unique senders
C1113166095,0.3,FAN_IN,Fan-in hub: 3 unique senders
C1095941012,0.3,FAN_IN,Fan-in hub: 3 unique senders
C1097573781,0.3,FAN_IN,Fan-in hub: 3 unique senders
C1099095006,0.3,FAN_IN,Fan-in hub: 3 unique senders
C1100350160,0.3,FAN_IN,Fan-in hub: 3 unique senders
C1102351781,0.3,FAN_IN,Fan-in hub: 3 unique senders
C1104131032,0.3,FAN_IN,Fan-in hub: 3 unique senders
C1104637964,0.3,FAN_IN,Fan-in hub: 3 unique senders
C110644106,0.3,FAN_IN,Fan-in hub: 3 unique senders
C1106496405,0.3,FAN_IN,Fan-in hub: 3 unique senders
C1107247786,0.3,FAN_IN,Fan-in hub: 3 unique senders
C1107950454,0.3,FAN_IN,Fan-in hub: 3 unique senders
C1109158101,0.3,FAN_IN,Fan-in hub: 3 unique senders
C1109638648,0.3,FAN_IN,Fan-in hub: 3 unique senders
C1110501263,0.3,FAN_IN,Fan-in hub: 3 unique senders
C1111795873,0.3,FAN_IN,Fan-in hub: 3 unique senders
C1065138033,0.3,FAN_IN,Fan-in hub: 3 unique senders
C1063213841,0.3,FAN_IN,Fan-in hub: 3 unique senders
C1132856962,0.3,FAN_IN,Fan-in hub: 3 unique senders
C1024211115,0.3,FAN_IN,Fan-in hub: 3 unique senders
C1017113849,0.3,FAN_IN,Fan-in hub: 3 unique senders
C1018056011,0.3,FAN_IN,Fan-in hub: 3 unique senders
C1018208862,0.3,FAN_IN,Fan-in hub: 3 unique senders
C1019289016,0.3,FAN_IN,Fan-in hub: 3 unique senders
C1019722569,0.3,FAN_IN,Fan-in hub: 3 unique senders
C1019798746,0.3,FAN_IN,Fan-in hub: 3 unique senders
C1020817231,0.3,FAN_IN,Fan-in hub: 3 unique senders
C1024386057,0.3,FAN_IN,Fan-in hub: 3 unique senders
C103144166,0.3,FAN_IN,Fan-in hub: 3 unique senders
C1024507180,0.3,FAN_IN,Fan-in hub: 3 unique senders
C1025635971,0.3,FAN_IN,Fan-in hub: 3 unique senders
C1026590674,0.3,FAN_IN,Fan-in hub: 3 unique senders
C1027623940,0.3,FAN_IN,Fan-in hub: 3 unique senders
C1027815685,0.3,FAN_IN,Fan-in hub: 3 unique senders
C1029249771,0.3,FAN_IN,Fan-in hub: 3 unique senders
C1029263166,0.3,FAN_IN,Fan-in hub: 3 unique senders
C1017026037,0.3,FAN_IN,Fan-in hub: 3 unique senders
C1014320385,0.3,FAN_IN,Fan-in hub: 3 unique senders
C1013161690,0.3,FAN_IN,Fan-in hub: 3 unique senders
C101258238,0.3,FAN_IN,Fan-in hub: 3 unique senders
C1000966905,0.3,FAN_IN,Fan-in hub: 3 unique senders
C100195995,0.3,FAN_IN,Fan-in hub: 3 unique senders
C1002054549,0.3,FAN_IN,Fan-in hub: 3 unique senders
C1002054566,0.3,FAN_IN,Fan-in hub: 3 unique senders
C1002481183,0.3,FAN_IN,Fan-in hub: 3 unique senders
C1002643479,0.3,FAN_IN,Fan-in hub: 3 unique senders
C1002647770,0.3,FAN_IN,Fan-in hub: 3 unique senders
C1003188636,0.3,FAN_IN,Fan-in hub: 3 unique senders
C1003941976,0.3,FAN_IN,Fan-in hub: 3 unique senders
C1004386624,0.3,FAN_IN,Fan-in hub: 3 unique senders
C10085103,0.3,FAN_IN,Fan-in hub: 3 unique senders
C1009205272,0.3,FAN_IN,Fan-in hub: 3 unique senders
C1009308722,0.3,FAN_IN,Fan-in hub: 3 unique senders
C1010322353,0.3,FAN_IN,Fan-in hub: 3 unique senders
C101084006,0.3,FAN_IN,Fan-in hub: 3 unique senders
C1030840472,0.3,FAN_IN,Fan-in hub: 3 unique senders
C1033422691,0.3,FAN_IN,Fan-in hub: 3 unique senders
C1063098174,0.3,FAN_IN,Fan-in hub: 3 unique senders
C10550299,0.3,FAN_IN,Fan-in hub: 3 unique senders
C1049592436,0.3,FAN_IN,Fan-in hub: 3 unique senders
C105129198,0.3,FAN_IN,Fan-in hub: 3 unique senders
C1051729632,0.3,FAN_IN,Fan-in hub: 3 unique senders
C1053125376,0.3,FAN_IN,Fan-in hub: 3 unique senders
C1053279275,0.3,FAN_IN,Fan-in hub: 3 unique senders
C1053528543,0.3,FAN_IN,Fan-in hub: 3 unique senders
C1053963921,0.3,FAN_IN,Fan-in hub: 3 unique senders
C1057033939,0.3,FAN_IN,Fan-in hub: 3 unique senders
C10351305,0.3,FAN_IN,Fan-in hub: 3 unique senders
C1057427342,0.3,FAN_IN,Fan-in hub: 3 unique senders
C105871764,0.3,FAN_IN,Fan-in hub: 3 unique senders
C1058865405,0.3,FAN_IN,Fan-in hub: 3 unique senders
C1059744847,0.3,FAN_IN,Fan-in hub: 3 unique senders
C1060684159,0.3,FAN_IN,Fan-in hub: 3 unique senders
C1061783643,0.3,FAN_IN,Fan-in hub: 3 unique senders
C1062990251,0.3,FAN_IN,Fan-in hub: 3 unique senders
C104837836,0.3,FAN_IN,Fan-in hub: 3 unique senders
C1047052894,0.3,FAN_IN,Fan-in hub: 3 unique senders
C1046580913,0.3,FAN_IN,Fan-in hub: 3 unique senders
C1046148952,0.3,FAN_IN,Fan-in hub: 3 unique senders
C1035275258,0.3,FAN_IN,Fan-in hub: 3 unique senders
C1035339941,0.3,FAN_IN,Fan-in hub: 3 unique senders
C10359220,0.3,FAN_IN,Fan-in hub: 3 unique senders
C1039480348,0.3,FAN_IN,Fan-in hub: 3 unique senders
C1040960664,0.3,FAN_IN,Fan-in hub: 3 unique senders
C1042309658,0.3,FAN_IN,Fan-in hub: 3 unique senders
C1043182111,0.3,FAN_IN,Fan-in hub: 3 unique senders
C1043894232,0.3,FAN_IN,Fan-in hub: 3 unique senders
C1045241382,0.3,FAN_IN,Fan-in hub: 3 unique senders
C1045479759,0.3,FAN_IN,Fan-in hub: 3 unique senders
C1045730496,0.3,FAN_IN,Fan-in hub: 3 unique senders
C1045812921,0.3,FAN_IN,Fan-in hub: 3 unique senders
C1045860907,0.3,FAN_IN,Fan-in hub: 3 unique senders
C1045906528,0.3,FAN_IN,Fan-in hub: 3 unique senders
C104596511,0.3,FAN_IN,Fan-in hub: 3 unique senders
C11308762,0.3,FAN_IN,Fan-in hub: 3 unique senders
C1133447553,0.3,FAN_IN,Fan-in hub: 3 unique senders
C1265100708,0.3,FAN_IN,Fan-in hub: 3 unique senders
C1223280580,0.3,FAN_IN,Fan-in hub: 3 unique senders
C1219542388,0.3,FAN_IN,Fan-in hub: 3 unique senders
C1219580034,0.3,FAN_IN,Fan-in hub: 3 unique senders
C122041159,0.3,FAN_IN,Fan-in hub: 3 unique senders
C1221415259,0.3,FAN_IN,Fan-in hub: 3 unique senders
C1221837288,0.3,FAN_IN,Fan-in hub: 3 unique senders
C122252510,0.3,FAN_IN,Fan-in hub: 3 unique senders
C1222953747,0.3,FAN_IN,Fan-in hub: 3 unique senders
C1223826572,0.3,FAN_IN,Fan-in hub: 3 unique senders
C1232028199,0.3,FAN_IN,Fan-in hub: 3 unique senders
C1223981054,0.3,FAN_IN,Fan-in hub: 3 unique senders
C1225139025,0.3,FAN_IN,Fan-in hub: 3 unique senders
C1226365310,0.3,FAN_IN,Fan-in hub: 3 unique senders
C1227690951,0.3,FAN_IN,Fan-in hub: 3 unique senders
C1228646624,0.3,FAN_IN,Fan-in hub: 3 unique senders
C1229365714,0.3,FAN_IN,Fan-in hub: 3 unique senders
C1229956835,0.3,FAN_IN,Fan-in hub: 3 unique senders
C1219501994,0.3,FAN_IN,Fan-in hub: 3 unique senders
C1217696361,0.3,FAN_IN,Fan-in hub: 3 unique senders
C1215525469,0.3,FAN_IN,Fan-in hub: 3 unique senders
C1215249622,0.3,FAN_IN,Fan-in hub: 3 unique senders
C1203416305,0.3,FAN_IN,Fan-in hub: 3 unique senders
C1204143560,0.3,FAN_IN,Fan-in hub: 3 unique senders
C120448706,0.3,FAN_IN,Fan-in hub: 3 unique senders
C1204882348,0.3,FAN_IN,Fan-in hub: 3 unique senders
C120573543,0.3,FAN_IN,Fan-in hub: 3 unique senders
C1206213882,0.3,FAN_IN,Fan-in hub: 3 unique senders
C1206277445,0.3,FAN_IN,Fan-in hub: 3 unique senders
C1206337213,0.3,FAN_IN,Fan-in hub: 3 unique senders
C1209816102,0.3,FAN_IN,Fan-in hub: 3 unique senders
C1210481208,0.3,FAN_IN,Fan-in hub: 3 unique senders
C1212542625,0.3,FAN_IN,Fan-in hub: 3 unique senders
C1212922449,0.3,FAN_IN,Fan-in hub: 3 unique senders
C1214672697,0.3,FAN_IN,Fan-in hub: 3 unique senders
C1215078267,0.3,FAN_IN,Fan-in hub: 3 unique senders
C1215184875,0.3,FAN_IN,Fan-in hub: 3 unique senders
C12303065,0.3,FAN_IN,Fan-in hub: 3 unique senders
C1232173291,0.3,FAN_IN,Fan-in hub: 3 unique senders
C1203117329,0.3,FAN_IN,Fan-in hub: 3 unique senders
C1254895309,0.3,FAN_IN,Fan-in hub: 3 unique senders
C1248552948,0.3,FAN_IN,Fan-in hub: 3 unique senders
C1250949702,0.3,FAN_IN,Fan-in hub: 3 unique senders
C1251746752,0.3,FAN_IN,Fan-in hub: 3 unique senders
C1254125816,0.3,FAN_IN,Fan-in hub: 3 unique senders
C1254232333,0.3,FAN_IN,Fan-in hub: 3 unique senders
C1254251449,0.3,FAN_IN,Fan-in hub: 3 unique senders
C125476121,0.3,FAN_IN,Fan-in hub: 3 unique senders
C1257198433,0.3,FAN_IN,Fan-in hub: 3 unique senders
C123252480,0.3,FAN_IN,Fan-in hub: 3 unique senders
C1259628579,0.3,FAN_IN,Fan-in hub: 3 unique senders
C1260498663,0.3,FAN_IN,Fan-in hub: 3 unique senders
C1261395064,0.3,FAN_IN,Fan-in hub: 3 unique senders
C1262684461,0.3,FAN_IN,Fan-in hub: 3 unique senders
C1263201809,0.3,FAN_IN,Fan-in hub: 3 unique senders
C1263595454,0.3,FAN_IN,Fan-in hub: 3 unique senders
C1264794918,0.3,FAN_IN,Fan-in hub: 3 unique senders
C1248497805,0.3,FAN_IN,Fan-in hub: 3 unique senders
C1247766905,0.3,FAN_IN,Fan-in hub: 3 unique senders
C1247483290,0.3,FAN_IN,Fan-in hub: 3 unique senders
C1247063387,0.3,FAN_IN,Fan-in hub: 3 unique senders
C1232706569,0.3,FAN_IN,Fan-in hub: 3 unique senders
C1232899506,0.3,FAN_IN,Fan-in hub: 3 unique senders
C1233472915,0.3,FAN_IN,Fan-in hub: 3 unique senders
C1233857577,0.3,FAN_IN,Fan-in hub: 3 unique senders
C1236325131,0.3,FAN_IN,Fan-in hub: 3 unique senders
C1237554787,0.3,FAN_IN,Fan-in hub: 3 unique senders
C1237757668,0.3,FAN_IN,Fan-in hub: 3 unique senders
C1238190896,0.3,FAN_IN,Fan-in hub: 3 unique senders
C1241088366,0.3,FAN_IN,Fan-in hub: 3 unique senders
C124145230,0.3,FAN_IN,Fan-in hub: 3 unique senders
C1243891099,0.3,FAN_IN,Fan-in hub: 3 unique senders
C1244236447,0.3,FAN_IN,Fan-in hub: 3 unique senders
C1244938578,0.3,FAN_IN,Fan-in hub: 3 unique senders
C1245686433,0.3,FAN_IN,Fan-in hub: 3 unique senders
C1246292512,0.3,FAN_IN,Fan-in hub: 3 unique senders
C1203327201,0.3,FAN_IN,Fan-in hub: 3 unique senders
C1203075933,0.3,FAN_IN,Fan-in hub: 3 unique senders
C1135201241,0.3,FAN_IN,Fan-in hub: 3 unique senders
C1149993607,0.3,FAN_IN,Fan-in hub: 3 unique senders
C1145088645,0.3,FAN_IN,Fan-in hub: 3 unique senders
C1146318901,0.3,FAN_IN,Fan-in hub: 3 unique senders
C1146944728,0.3,FAN_IN,Fan-in hub: 3 unique senders
C1147257790,0.3,FAN_IN,Fan-in hub: 3 unique senders
C1148252129,0.3,FAN_IN,Fan-in hub: 3 unique senders
C1148864154,0.3,FAN_IN,Fan-in hub: 3 unique senders
C1148965476,0.3,FAN_IN,Fan-in hub: 3 unique senders
C1151015079,0.3,FAN_IN,Fan-in hub: 3 unique senders
C1158077339,0.3,FAN_IN,Fan-in hub: 3 unique senders
C1151424466,0.3,FAN_IN,Fan-in hub: 3 unique senders
C1151443098,0.3,FAN_IN,Fan-in hub: 3 unique senders
C115258931,0.3,FAN_IN,Fan-in hub: 3 unique senders
C1153002838,0.3,FAN_IN,Fan-in hub: 3 unique senders
C115408826,0.3,FAN_IN,Fan-in hub: 3 unique senders
C115642386,0.3,FAN_IN,Fan-in hub: 3 unique senders
C1156690809,0.3,FAN_IN,Fan-in hub: 3 unique senders
C1144527317,0.3,FAN_IN,Fan-in hub: 3 unique senders
C1144451820,0.3,FAN_IN,Fan-in hub: 3 unique senders
C1143592289,0.3,FAN_IN,Fan-in hub: 3 unique senders
C1143566273,0.3,FAN_IN,Fan-in hub: 3 unique senders
C1135411384,0.3,FAN_IN,Fan-in hub: 3 unique senders
C1135595077,0.3,FAN_IN,Fan-in hub: 3 unique senders
C1136467196,0.3,FAN_IN,Fan-in hub: 3 unique senders
C1136658016,0.3,FAN_IN,Fan-in hub: 3 unique senders
C1136721797,0.3,FAN_IN,Fan-in hub: 3 unique senders
C1137247436,0.3,FAN_IN,Fan-in hub: 3 unique senders
C1138058277,0.3,FAN_IN,Fan-in hub: 3 unique senders
C1138070815,0.3,FAN_IN,Fan-in hub: 3 unique senders
C1139638003,0.3,FAN_IN,Fan-in hub: 3 unique senders
C1141013803,0.3,FAN_IN,Fan-in hub: 3 unique senders
C1141477709,0.3,FAN_IN,Fan-in hub: 3 unique senders
C1141715553,0.3,FAN_IN,Fan-in hub: 3 unique senders
C1142107540,0.3,FAN_IN,Fan-in hub: 3 unique senders
C1142227341,0.3,FAN_IN,Fan-in hub: 3 unique senders
C1142779454,0.3,FAN_IN,Fan-in hub: 3 unique senders
C1157860056,0.3,FAN_IN,Fan-in hub: 3 unique senders
C1160032260,0.3,FAN_IN,Fan-in hub: 3 unique senders
C1202559316,0.3,FAN_IN,Fan-in hub: 3 unique senders
C1194355842,0.3,FAN_IN,Fan-in hub: 3 unique senders
C1187370738,0.3,FAN_IN,Fan-in hub: 3 unique senders
C1187639680,0.3,FAN_IN,Fan-in hub: 3 unique senders
C1190332895,0.3,FAN_IN,Fan-in hub: 3 unique senders
C119074775,0.3,FAN_IN,Fan-in hub: 3 unique senders
C1193046101,0.3,FAN_IN,Fan-in hub: 3 unique senders
C1194106530,0.3,FAN_IN,Fan-in hub: 3 unique senders
C1194247393,0.3,FAN_IN,Fan-in hub: 3 unique senders
C1194433422,0.3,FAN_IN,Fan-in hub: 3 unique senders
C1160590012,0.3,FAN_IN,Fan-in hub: 3 unique senders
C11967243,0.3,FAN_IN,Fan-in hub: 3 unique senders
C1197448940,0.3,FAN_IN,Fan-in hub: 3 unique senders
C1199452459,0.3,FAN_IN,Fan-in hub: 3 unique senders
C1199866611,0.3,FAN_IN,Fan-in hub: 3 unique senders
C1201285318,0.3,FAN_IN,Fan-in hub: 3 unique senders
C1202002313,0.3,FAN_IN,Fan-in hub: 3 unique senders
C1202292933,0.3,FAN_IN,Fan-in hub: 3 unique senders
C1186966375,0.3,FAN_IN,Fan-in hub: 3 unique senders
C1186805986,0.3,FAN_IN,Fan-in hub: 3 unique senders
C1186317988,0.3,FAN_IN,Fan-in hub: 3 unique senders
C1186254299,0.3,FAN_IN,Fan-in hub: 3 unique senders
C1161004693,0.3,FAN_IN,Fan-in hub: 3 unique senders
C1161493880,0.3,FAN_IN,Fan-in hub: 3 unique senders
C1164755180,0.3,FAN_IN,Fan-in hub: 3 unique senders
C1169323856,0.3,FAN_IN,Fan-in hub: 3 unique senders
C1170931299,0.3,FAN_IN,Fan-in hub: 3 unique senders
C1171960796,0.3,FAN_IN,Fan-in hub: 3 unique senders
C1175230339,0.3,FAN_IN,Fan-in hub: 3 unique senders
C1176180536,0.3,FAN_IN,Fan-in hub: 3 unique senders
C1177078006,0.3,FAN_IN,Fan-in hub: 3 unique senders
C1177316273,0.3,FAN_IN,Fan-in hub: 3 unique senders
C1177688302,0.3,FAN_IN,Fan-in hub: 3 unique senders
C117771182,0.3,FAN_IN,Fan-in hub: 3 unique senders
C1178329086,0.3,FAN_IN,Fan-in hub: 3 unique senders
C1179490288,0.3,FAN_IN,Fan-in hub: 3 unique senders
C1185358050,0.3,FAN_IN,Fan-in hub: 3 unique senders
C1534258698,0.3,FAN_IN,Fan-in hub: 3 unique senders
C1535631311,0.3,FAN_IN,Fan-in hub: 3 unique senders
C205244980,0.3,FAN_IN,Fan-in hub: 3 unique senders
C1870875721,0.3,FAN_IN,Fan-in hub: 3 unique senders
C1865216462,0.3,FAN_IN,Fan-in hub: 3 unique senders
C1866174666,0.3,FAN_IN,Fan-in hub: 3 unique senders
C1866551752,0.3,FAN_IN,Fan-in hub: 3 unique senders
C1868086565,0.3,FAN_IN,Fan-in hub: 3 unique senders
C1868086617,0.3,FAN_IN,Fan-in hub: 3 unique senders
C1868341918,0.3,FAN_IN,Fan-in hub: 3 unique senders
C1869463804,0.3,FAN_IN,Fan-in hub: 3 unique senders
C1871454508,0.3,FAN_IN,Fan-in hub: 3 unique senders
C1879908718,0.3,FAN_IN,Fan-in hub: 3 unique senders
C1872316350,0.3,FAN_IN,Fan-in hub: 3 unique senders
C1872440449,0.3,FAN_IN,Fan-in hub: 3 unique senders
C1872581197,0.3,FAN_IN,Fan-in hub: 3 unique senders
C1873355111,0.3,FAN_IN,Fan-in hub: 3 unique senders
C1873485694,0.3,FAN_IN,Fan-in hub: 3 unique senders
C1873793607,0.3,FAN_IN,Fan-in hub: 3 unique senders
C1874734065,0.3,FAN_IN,Fan-in hub: 3 unique senders
C1864699988,0.3,FAN_IN,Fan-in hub: 3 unique senders
C1864200741,0.3,FAN_IN,Fan-in hub: 3 unique senders
C1864184492,0.3,FAN_IN,Fan-in hub: 3 unique senders
C1862972704,0.3,FAN_IN,Fan-in hub: 3 unique senders
C1851709194,0.3,FAN_IN,Fan-in hub: 3 unique senders
C1852870231,0.3,FAN_IN,Fan-in hub: 3 unique senders
C1853122949,0.3,FAN_IN,Fan-in hub: 3 unique senders
C185554992,0.3,FAN_IN,Fan-in hub: 3 unique senders
C1855890080,0.3,FAN_IN,Fan-in hub: 3 unique senders
C18560425,0.3,FAN_IN,Fan-in hub: 3 unique senders
C1857906618,0.3,FAN_IN,Fan-in hub: 3 unique senders
C1858260283,0.3,FAN_IN,Fan-in hub: 3 unique senders
C1858893116,0.3,FAN_IN,Fan-in hub: 3 unique senders
C1859488215,0.3,FAN_IN,Fan-in hub: 3 unique senders
C1859669264,0.3,FAN_IN,Fan-in hub: 3 unique senders
C1860311601,0.3,FAN_IN,Fan-in hub: 3 unique senders
C1860755468,0.3,FAN_IN,Fan-in hub: 3 unique senders
C1861950582,0.3,FAN_IN,Fan-in hub: 3 unique senders
C1862127750,0.3,FAN_IN,Fan-in hub: 3 unique senders
C187881338,0.3,FAN_IN,Fan-in hub: 3 unique senders
C1879987609,0.3,FAN_IN,Fan-in hub: 3 unique senders
C1850773130,0.3,FAN_IN,Fan-in hub: 3 unique senders
C1902820362,0.3,FAN_IN,Fan-in hub: 3 unique senders
C1898202919,0.3,FAN_IN,Fan-in hub: 3 unique senders
C189957600,0.3,FAN_IN,Fan-in hub: 3 unique senders
C1899600837,0.3,FAN_IN,Fan-in hub: 3 unique senders
C1901544370,0.3,FAN_IN,Fan-in hub: 3 unique senders
C1901902760,0.3,FAN_IN,Fan-in hub: 3 unique senders
C1902297168,0.3,FAN_IN,Fan-in hub: 3 unique senders
C1902613333,0.3,FAN_IN,Fan-in hub: 3 unique senders
C1903646682,0.3,FAN_IN,Fan-in hub: 3 unique senders
C1880164597,0.3,FAN_IN,Fan-in hub: 3 unique senders
C1904836911,0.3,FAN_IN,Fan-in hub: 3 unique senders
C1906713816,0.3,FAN_IN,Fan-in hub: 3 unique senders
C1907046641,0.3,FAN_IN,Fan-in hub: 3 unique senders
C1907244480,0.3,FAN_IN,Fan-in hub: 3 unique senders
C1907844319,0.3,FAN_IN,Fan-in hub: 3 unique senders
C1908045074,0.3,FAN_IN,Fan-in hub: 3 unique senders
C1909498532,0.3,FAN_IN,Fan-in hub: 3 unique senders
C1897696136,0.3,FAN_IN,Fan-in hub: 3 unique senders
C1896968801,0.3,FAN_IN,Fan-in hub: 3 unique senders
C189648288,0.3,FAN_IN,Fan-in hub: 3 unique senders
C1895678636,0.3,FAN_IN,Fan-in hub: 3 unique senders
C1880920182,0.3,FAN_IN,Fan-in hub: 3 unique senders
C1882203948,0.3,FAN_IN,Fan-in hub: 3 unique senders
C1882615733,0.3,FAN_IN,Fan-in hub: 3 unique senders
C1883742403,0.3,FAN_IN,Fan-in hub: 3 unique senders
C1883867945,0.3,FAN_IN,Fan-in hub: 3 unique senders
C1885370301,0.3,FAN_IN,Fan-in hub: 3 unique senders
C1886044585,0.3,FAN_IN,Fan-in hub: 3 unique senders
C1887470209,0.3,FAN_IN,Fan-in hub: 3 unique senders
C1888073233,0.3,FAN_IN,Fan-in hub: 3 unique senders
C1889234289,0.3,FAN_IN,Fan-in hub: 3 unique senders
C1891715132,0.3,FAN_IN,Fan-in hub: 3 unique senders
C189211927,0.3,FAN_IN,Fan-in hub: 3 unique senders
C1893262045,0.3,FAN_IN,Fan-in hub: 3 unique senders
C1893925012,0.3,FAN_IN,Fan-in hub: 3 unique senders
C1894722013,0.3,FAN_IN,Fan-in hub: 3 unique senders
C1851365786,0.3,FAN_IN,Fan-in hub: 3 unique senders
C1850469971,0.3,FAN_IN,Fan-in hub: 3 unique senders
C1911345912,0.3,FAN_IN,Fan-in hub: 3 unique senders
C1809228698,0.3,FAN_IN,Fan-in hub: 3 unique senders
C1805281646,0.3,FAN_IN,Fan-in hub: 3 unique senders
C1805401417,0.3,FAN_IN,Fan-in hub: 3 unique senders
C1805697243,0.3,FAN_IN,Fan-in hub: 3 unique senders
C1805805367,0.3,FAN_IN,Fan-in hub: 3 unique senders
C1806487408,0.3,FAN_IN,Fan-in hub: 3 unique senders
C180795141,0.3,FAN_IN,Fan-in hub: 3 unique senders
C1808822272,0.3,FAN_IN,Fan-in hub: 3 unique senders
C1809976086,0.3,FAN_IN,Fan-in hub: 3 unique senders
C1818083404,0.3,FAN_IN,Fan-in hub: 3 unique senders
C1809995197,0.3,FAN_IN,Fan-in hub: 3 unique senders
C1810001178,0.3,FAN_IN,Fan-in hub: 3 unique senders
C1810342211,0.3,FAN_IN,Fan-in hub: 3 unique senders
C1810510489,0.3,FAN_IN,Fan-in hub: 3 unique senders
C18132216,0.3,FAN_IN,Fan-in hub: 3 unique senders
C1815427515,0.3,FAN_IN,Fan-in hub: 3 unique senders
C1817494116,0.3,FAN_IN,Fan-in hub: 3 unique senders
C1804196109,0.3,FAN_IN,Fan-in hub: 3 unique senders
C1802944045,0.3,FAN_IN,Fan-in hub: 3 unique senders
C1801013582,0.3,FAN_IN,Fan-in hub: 3 unique senders
C1800105066,0.3,FAN_IN,Fan-in hub: 3 unique senders
C1791681406,0.3,FAN_IN,Fan-in hub: 3 unique senders
C1792309632,0.3,FAN_IN,Fan-in hub: 3 unique senders
C1792462815,0.3,FAN_IN,Fan-in hub: 3 unique senders
C1792973067,0.3,FAN_IN,Fan-in hub: 3 unique senders
C1793309328,0.3,FAN_IN,Fan-in hub: 3 unique senders
C1793483961,0.3,FAN_IN,Fan-in hub: 3 unique senders
C1793789808,0.3,FAN_IN,Fan-in hub: 3 unique senders
C1794565136,0.3,FAN_IN,Fan-in hub: 3 unique senders
C1795566865,0.3,FAN_IN,Fan-in hub: 3 unique senders
C1795790807,0.3,FAN_IN,Fan-in hub: 3 unique senders
C1796334250,0.3,FAN_IN,Fan-in hub: 3 unique senders
C1797569124,0.3,FAN_IN,Fan-in hub: 3 unique senders
C1797799721,0.3,FAN_IN,Fan-in hub: 3 unique senders
C1798476342,0.3,FAN_IN,Fan-in hub: 3 unique senders
C1798751919,0.3,FAN_IN,Fan-in hub: 3 unique senders
C1817743542,0.3,FAN_IN,Fan-in hub: 3 unique senders
C181891376,0.3,FAN_IN,Fan-in hub: 3 unique senders
C1850379259,0.3,FAN_IN,Fan-in hub: 3 unique senders
C1839787162,0.3,FAN_IN,Fan-in hub: 3 unique senders
C1832580921,0.3,FAN_IN,Fan-in hub: 3 unique senders
C1833299565,0.3,FAN_IN,Fan-in hub: 3 unique senders
C1834737669,0.3,FAN_IN,Fan-in hub: 3 unique senders
C183543729,0.3,FAN_IN,Fan-in hub: 3 unique senders
C1836004935,0.3,FAN_IN,Fan-in hub: 3 unique senders
C1836993798,0.3,FAN_IN,Fan-in hub: 3 unique senders
C1838773725,0.3,FAN_IN,Fan-in hub: 3 unique senders
C1840755361,0.3,FAN_IN,Fan-in hub: 3 unique senders
C1820466698,0.3,FAN_IN,Fan-in hub: 3 unique senders
C1841632515,0.3,FAN_IN,Fan-in hub: 3 unique senders
C1843194365,0.3,FAN_IN,Fan-in hub: 3 unique senders
C1843789653,0.3,FAN_IN,Fan-in hub: 3 unique senders
C1844401703,0.3,FAN_IN,Fan-in hub: 3 unique senders
C1847588004,0.3,FAN_IN,Fan-in hub: 3 unique senders
C1848273293,0.3,FAN_IN,Fan-in hub: 3 unique senders
C1848724112,0.3,FAN_IN,Fan-in hub: 3 unique senders
C1832557758,0.3,FAN_IN,Fan-in hub: 3 unique senders
C1831836587,0.3,FAN_IN,Fan-in hub: 3 unique senders
C1831393491,0.3,FAN_IN,Fan-in hub: 3 unique senders
C1830641888,0.3,FAN_IN,Fan-in hub: 3 unique senders
C1821944578,0.3,FAN_IN,Fan-in hub: 3 unique senders
C1822379623,0.3,FAN_IN,Fan-in hub: 3 unique senders
C1822592488,0.3,FAN_IN,Fan-in hub: 3 unique senders
C1823436122,0.3,FAN_IN,Fan-in hub: 3 unique senders
C1823775112,0.3,FAN_IN,Fan-in hub: 3 unique senders
C1824211605,0.3,FAN_IN,Fan-in hub: 3 unique senders
C1825310375,0.3,FAN_IN,Fan-in hub: 3 unique senders
C1827000567,0.3,FAN_IN,Fan-in hub: 3 unique senders
C1827064747,0.3,FAN_IN,Fan-in hub: 3 unique senders
C1827820753,0.3,FAN_IN,Fan-in hub: 3 unique senders
C1827915643,0.3,FAN_IN,Fan-in hub: 3 unique senders
C1828225576,0.3,FAN_IN,Fan-in hub: 3 unique senders
C1828491936,0.3,FAN_IN,Fan-in hub: 3 unique senders
C1828969060,0.3,FAN_IN,Fan-in hub: 3 unique senders
C1830400244,0.3,FAN_IN,Fan-in hub: 3 unique senders
C1910161592,0.3,FAN_IN,Fan-in hub: 3 unique senders
C1911590890,0.3,FAN_IN,Fan-in hub: 3 unique senders
C1791332027,0.3,FAN_IN,Fan-in hub: 3 unique senders
C2006031132,0.3,FAN_IN,Fan-in hub: 3 unique senders
C2000243735,0.3,FAN_IN,Fan-in hub: 3 unique senders
C2000431934,0.3,FAN_IN,Fan-in hub: 3 unique senders
C2001985203,0.3,FAN_IN,Fan-in hub: 3 unique senders
C200207871,0.3,FAN_IN,Fan-in hub: 3 unique senders
C2002544489,0.3,FAN_IN,Fan-in hub: 3 unique senders
C1000430395,0.3,FAN_IN,Fan-in hub: 3 unique senders
C2005480371,0.3,FAN_IN,Fan-in hub: 3 unique senders
C201104342,0.3,FAN_IN,Fan-in hub: 3 unique senders
C2018855587,0.3,FAN_IN,Fan-in hub: 3 unique senders
C2011216676,0.3,FAN_IN,Fan-in hub: 3 unique senders
C2011302778,0.3,FAN_IN,Fan-in hub: 3 unique senders
C2013979563,0.3,FAN_IN,Fan-in hub: 3 unique senders
C2015274114,0.3,FAN_IN,Fan-in hub: 3 unique senders
C2016293221,0.3,FAN_IN,Fan-in hub: 3 unique senders
C2016729324,0.3,FAN_IN,Fan-in hub: 3 unique senders
C2018411120,0.3,FAN_IN,Fan-in hub: 3 unique senders
C1999329994,0.3,FAN_IN,Fan-in hub: 3 unique senders
C1999298473,0.3,FAN_IN,Fan-in hub: 3 unique senders
C1998690667,0.3,FAN_IN,Fan-in hub: 3 unique senders
C1997273200,0.3,FAN_IN,Fan-in hub: 3 unique senders
C1983253671,0.3,FAN_IN,Fan-in hub: 3 unique senders
C1983913182,0.3,FAN_IN,Fan-in hub: 3 unique senders
C1989127515,0.3,FAN_IN,Fan-in hub: 3 unique senders
C1989495193,0.3,FAN_IN,Fan-in hub: 3 unique senders
C1990113160,0.3,FAN_IN,Fan-in hub: 3 unique senders
C1990499485,0.3,FAN_IN,Fan-in hub: 3 unique senders
C1990826234,0.3,FAN_IN,Fan-in hub: 3 unique senders
C1992422026,0.3,FAN_IN,Fan-in hub: 3 unique senders
C1992575494,0.3,FAN_IN,Fan-in hub: 3 unique senders
C1992812409,0.3,FAN_IN,Fan-in hub: 3 unique senders
C1993705964,0.3,FAN_IN,Fan-in hub: 3 unique senders
C1994351134,0.3,FAN_IN,Fan-in hub: 3 unique senders
C1994732647,0.3,FAN_IN,Fan-in hub: 3 unique senders
C1996343687,0.3,FAN_IN,Fan-in hub: 3 unique senders
C1997019393,0.3,FAN_IN,Fan-in hub: 3 unique senders
C2018755810,0.3,FAN_IN,Fan-in hub: 3 unique senders
C2021246602,0.3,FAN_IN,Fan-in hub: 3 unique senders
C1982168080,0.3,FAN_IN,Fan-in hub: 3 unique senders
C2043632798,0.3,FAN_IN,Fan-in hub: 3 unique senders
C2039617459,0.3,FAN_IN,Fan-in hub: 3 unique senders
C2040743288,0.3,FAN_IN,Fan-in hub: 3 unique senders
C204156120,0.3,FAN_IN,Fan-in hub: 3 unique senders
C2041661938,0.3,FAN_IN,Fan-in hub: 3 unique senders
C2041768049,0.3,FAN_IN,Fan-in hub: 3 unique senders
C204226440,0.3,FAN_IN,Fan-in hub: 3 unique senders
C2043136366,0.3,FAN_IN,Fan-in hub: 3 unique senders
C204444865,0.3,FAN_IN,Fan-in hub: 3 unique senders
C2023063805,0.3,FAN_IN,Fan-in hub: 3 unique senders
C2045072485,0.3,FAN_IN,Fan-in hub: 3 unique senders
C2047574568,0.3,FAN_IN,Fan-in hub: 3 unique senders
C2048612435,0.3,FAN_IN,Fan-in hub: 3 unique senders
C2048690594,0.3,FAN_IN,Fan-in hub: 3 unique senders
C2049070525,0.3,FAN_IN,Fan-in hub: 3 unique senders
C2049891493,0.3,FAN_IN,Fan-in hub: 3 unique senders
C2052200520,0.3,FAN_IN,Fan-in hub: 3 unique senders
C2039066025,0.3,FAN_IN,Fan-in hub: 3 unique senders
C2038486688,0.3,FAN_IN,Fan-in hub: 3 unique senders
C203765293,0.3,FAN_IN,Fan-in hub: 3 unique senders
C2037186095,0.3,FAN_IN,Fan-in hub: 3 unique senders
C2023342172,0.3,FAN_IN,Fan-in hub: 3 unique senders
C2023759471,0.3,FAN_IN,Fan-in hub: 3 unique senders
C2024014168,0.3,FAN_IN,Fan-in hub: 3 unique senders
C202832013,0.3,FAN_IN,Fan-in hub: 3 unique senders
C2029093604,0.3,FAN_IN,Fan-in hub: 3 unique senders
C2029185084,0.3,FAN_IN,Fan-in hub: 3 unique senders
C2029283911,0.3,FAN_IN,Fan-in hub: 3 unique senders
C2030510582,0.3,FAN_IN,Fan-in hub: 3 unique senders
C2031441793,0.3,FAN_IN,Fan-in hub: 3 unique senders
C2031829485,0.3,FAN_IN,Fan-in hub: 3 unique senders
C2032582786,0.3,FAN_IN,Fan-in hub: 3 unique senders
C2033844003,0.3,FAN_IN,Fan-in hub: 3 unique senders
C2034090319,0.3,FAN_IN,Fan-in hub: 3 unique senders
C203563518,0.3,FAN_IN,Fan-in hub: 3 unique senders
C2036000156,0.3,FAN_IN,Fan-in hub: 3 unique senders
C198253125,0.3,FAN_IN,Fan-in hub: 3 unique senders
C1981591046,0.3,FAN_IN,Fan-in hub: 3 unique senders
C1913239695,0.3,FAN_IN,Fan-in hub: 3 unique senders
C1936018048,0.3,FAN_IN,Fan-in hub: 3 unique senders
C1928651085,0.3,FAN_IN,Fan-in hub: 3 unique senders
C1929473400,0.3,FAN_IN,Fan-in hub: 3 unique senders
C1929559035,0.3,FAN_IN,Fan-in hub: 3 unique senders
C1930495545,0.3,FAN_IN,Fan-in hub: 3 unique senders
C1932986451,0.3,FAN_IN,Fan-in hub: 3 unique senders
C1935030112,0.3,FAN_IN,Fan-in hub: 3 unique senders
C1935508976,0.3,FAN_IN,Fan-in hub: 3 unique senders
C1939744085,0.3,FAN_IN,Fan-in hub: 3 unique senders
C1946705007,0.3,FAN_IN,Fan-in hub: 3 unique senders
C1940454303,0.3,FAN_IN,Fan-in hub: 3 unique senders
C1940488528,0.3,FAN_IN,Fan-in hub: 3 unique senders
C1941112575,0.3,FAN_IN,Fan-in hub: 3 unique senders
C1943020615,0.3,FAN_IN,Fan-in hub: 3 unique senders
C1944577131,0.3,FAN_IN,Fan-in hub: 3 unique senders
C1944704208,0.3,FAN_IN,Fan-in hub: 3 unique senders
C1945254765,0.3,FAN_IN,Fan-in hub: 3 unique senders
C1928099297,0.3,FAN_IN,Fan-in hub: 3 unique senders
C1926418426,0.3,FAN_IN,Fan-in hub: 3 unique senders
C1925681355,0.3,FAN_IN,Fan-in hub: 3 unique senders
C1924261995,0.3,FAN_IN,Fan-in hub: 3 unique senders
C1913252396,0.3,FAN_IN,Fan-in hub: 3 unique senders
C191326779,0.3,FAN_IN,Fan-in hub: 3 unique senders
C1913451938,0.3,FAN_IN,Fan-in hub: 3 unique senders
C1914143615,0.3,FAN_IN,Fan-in hub: 3 unique senders
C1914212117,0.3,FAN_IN,Fan-in hub: 3 unique senders
C1914290883,0.3,FAN_IN,Fan-in hub: 3 unique senders
C1914394548,0.3,FAN_IN,Fan-in hub: 3 unique senders
C1914712125,0.3,FAN_IN,Fan-in hub: 3 unique senders
C1917113735,0.3,FAN_IN,Fan-in hub: 3 unique senders
C1917366424,0.3,FAN_IN,Fan-in hub: 3 unique senders
C1918843556,0.3,FAN_IN,Fan-in hub: 3 unique senders
C1920816845,0.3,FAN_IN,Fan-in hub: 3 unique senders
C1922571647,0.3,FAN_IN,Fan-in hub: 3 unique senders
C1923346686,0.3,FAN_IN,Fan-in hub: 3 unique senders
C1923486596,0.3,FAN_IN,Fan-in hub: 3 unique senders
C1945741375,0.3,FAN_IN,Fan-in hub: 3 unique senders
C1949732305,0.3,FAN_IN,Fan-in hub: 3 unique senders
C1977614031,0.3,FAN_IN,Fan-in hub: 3 unique senders
C1969496705,0.3,FAN_IN,Fan-in hub: 3 unique senders
C1965576173,0.3,FAN_IN,Fan-in hub: 3 unique senders
C1965766190,0.3,FAN_IN,Fan-in hub: 3 unique senders
C1967089748,0.3,FAN_IN,Fan-in hub: 3 unique senders
C196716958,0.3,FAN_IN,Fan-in hub: 3 unique senders
C1967809667,0.3,FAN_IN,Fan-in hub: 3 unique senders
C1968058048,0.3,FAN_IN,Fan-in hub: 3 unique senders
C196930164,0.3,FAN_IN,Fan-in hub: 3 unique senders
C1969565765,0.3,FAN_IN,Fan-in hub: 3 unique senders
C1950756994,0.3,FAN_IN,Fan-in hub: 3 unique senders
C1971240934,0.3,FAN_IN,Fan-in hub: 3 unique senders
C1972680105,0.3,FAN_IN,Fan-in hub: 3 unique senders
C197315131,0.3,FAN_IN,Fan-in hub: 3 unique senders
C197393541,0.3,FAN_IN,Fan-in hub: 3 unique senders
C1974168483,0.3,FAN_IN,Fan-in hub: 3 unique senders
C1977098356,0.3,FAN_IN,Fan-in hub: 3 unique senders
C1977099364,0.3,FAN_IN,Fan-in hub: 3 unique senders
C1965003267,0.3,FAN_IN,Fan-in hub: 3 unique senders
C1964970973,0.3,FAN_IN,Fan-in hub: 3 unique senders
C1964543955,0.3,FAN_IN,Fan-in hub: 3 unique senders
C1964364516,0.3,FAN_IN,Fan-in hub: 3 unique senders
C1951428690,0.3,FAN_IN,Fan-in hub: 3 unique senders
C1952844276,0.3,FAN_IN,Fan-in hub: 3 unique senders
C1953280605,0.3,FAN_IN,Fan-in hub: 3 unique senders
C1953941263,0.3,FAN_IN,Fan-in hub: 3 unique senders
C1954119164,0.3,FAN_IN,Fan-in hub: 3 unique senders
C1955167222,0.3,FAN_IN,Fan-in hub: 3 unique senders
C1955190645,0.3,FAN_IN,Fan-in hub: 3 unique senders
C1955341893,0.3,FAN_IN,Fan-in hub: 3 unique senders
C1955915707,0.3,FAN_IN,Fan-in hub: 3 unique senders
C1955922335,0.3,FAN_IN,Fan-in hub: 3 unique senders
C1958280354,0.3,FAN_IN,Fan-in hub: 3 unique senders
C1958400402,0.3,FAN_IN,Fan-in hub: 3 unique senders
C1960329139,0.3,FAN_IN,Fan-in hub: 3 unique senders
C1960726340,0.3,FAN_IN,Fan-in hub: 3 unique senders
C1963372311,0.3,FAN_IN,Fan-in hub: 3 unique senders
C1791454133,0.3,FAN_IN,Fan-in hub: 3 unique senders
C1791277999,0.3,FAN_IN,Fan-in hub: 3 unique senders
C1535787337,0.3,FAN_IN,Fan-in hub: 3 unique senders
C1622919489,0.3,FAN_IN,Fan-in hub: 3 unique senders
C1618269752,0.3,FAN_IN,Fan-in hub: 3 unique senders
C1618323911,0.3,FAN_IN,Fan-in hub: 3 unique senders
C1618906948,0.3,FAN_IN,Fan-in hub: 3 unique senders
C1620230261,0.3,FAN_IN,Fan-in hub: 3 unique senders
C1621442741,0.3,FAN_IN,Fan-in hub: 3 unique senders
C1621463522,0.3,FAN_IN,Fan-in hub: 3 unique senders
C1622904772,0.3,FAN_IN,Fan-in hub: 3 unique senders
C1623077515,0.3,FAN_IN,Fan-in hub: 3 unique senders
C1632972236,0.3,FAN_IN,Fan-in hub: 3 unique senders
C1623410953,0.3,FAN_IN,Fan-in hub: 3 unique senders
C1623581454,0.3,FAN_IN,Fan-in hub: 3 unique senders
C1627569049,0.3,FAN_IN,Fan-in hub: 3 unique senders
C1629006028,0.3,FAN_IN,Fan-in hub: 3 unique senders
C1631737749,0.3,FAN_IN,Fan-in hub: 3 unique senders
C1632110841,0.3,FAN_IN,Fan-in hub: 3 unique senders
C1632122745,0.3,FAN_IN,Fan-in hub: 3 unique senders
C1618226647,0.3,FAN_IN,Fan-in hub: 3 unique senders
C1615191157,0.3,FAN_IN,Fan-in hub: 3 unique senders
C1614334616,0.3,FAN_IN,Fan-in hub: 3 unique senders
C1613545696,0.3,FAN_IN,Fan-in hub: 3 unique senders
C1599417636,0.3,FAN_IN,Fan-in hub: 3 unique senders
C159954198,0.3,FAN_IN,Fan-in hub: 3 unique senders
C1600835973,0.3,FAN_IN,Fan-in hub: 3 unique senders
C1601322240,0.3,FAN_IN,Fan-in hub: 3 unique senders
C1601366159,0.3,FAN_IN,Fan-in hub: 3 unique senders
C1602910024,0.3,FAN_IN,Fan-in hub: 3 unique senders
C1603041846,0.3,FAN_IN,Fan-in hub: 3 unique senders
C1603626021,0.3,FAN_IN,Fan-in hub: 3 unique senders
C1603922270,0.3,FAN_IN,Fan-in hub: 3 unique senders
C1604565655,0.3,FAN_IN,Fan-in hub: 3 unique senders
C1608812875,0.3,FAN_IN,Fan-in hub: 3 unique senders
C1609670189,0.3,FAN_IN,Fan-in hub: 3 unique senders
C1609708562,0.3,FAN_IN,Fan-in hub: 3 unique senders
C1613155861,0.3,FAN_IN,Fan-in hub: 3 unique senders
C1613472133,0.3,FAN_IN,Fan-in hub: 3 unique senders
C1632589136,0.3,FAN_IN,Fan-in hub: 3 unique senders
C1633322041,0.3,FAN_IN,Fan-in hub: 3 unique senders
C1597831143,0.3,FAN_IN,Fan-in hub: 3 unique senders
C1651414584,0.3,FAN_IN,Fan-in hub: 3 unique senders
C1644096395,0.3,FAN_IN,Fan-in hub: 3 unique senders
C1645315764,0.3,FAN_IN,Fan-in hub: 3 unique senders
C1645408875,0.3,FAN_IN,Fan-in hub: 3 unique senders
C1646967877,0.3,FAN_IN,Fan-in hub: 3 unique senders
C1648307164,0.3,FAN_IN,Fan-in hub: 3 unique senders
C1648503847,0.3,FAN_IN,Fan-in hub: 3 unique senders
C1650541657,0.3,FAN_IN,Fan-in hub: 3 unique senders
C1653506581,0.3,FAN_IN,Fan-in hub: 3 unique senders
C1633338305,0.3,FAN_IN,Fan-in hub: 3 unique senders
C1654305912,0.3,FAN_IN,Fan-in hub: 3 unique senders
C1655813703,0.3,FAN_IN,Fan-in hub: 3 unique senders
C1655888663,0.3,FAN_IN,Fan-in hub: 3 unique senders
C1656980035,0.3,FAN_IN,Fan-in hub: 3 unique senders
C1659176239,0.3,FAN_IN,Fan-in hub: 3 unique senders
C165939676,0.3,FAN_IN,Fan-in hub: 3 unique senders
C1660491308,0.3,FAN_IN,Fan-in hub: 3 unique senders
C1643592767,0.3,FAN_IN,Fan-in hub: 3 unique senders
C1642613343,0.3,FAN_IN,Fan-in hub: 3 unique senders
C1642106508,0.3,FAN_IN,Fan-in hub: 3 unique senders
C1641649352,0.3,FAN_IN,Fan-in hub: 3 unique senders
C1633571527,0.3,FAN_IN,Fan-in hub: 3 unique senders
C1634053286,0.3,FAN_IN,Fan-in hub: 3 unique senders
C1634341170,0.3,FAN_IN,Fan-in hub: 3 unique senders
C1634444505,0.3,FAN_IN,Fan-in hub: 3 unique senders
C1635289861,0.3,FAN_IN,Fan-in hub: 3 unique senders
C1636369301,0.3,FAN_IN,Fan-in hub: 3 unique senders
C1636573513,0.3,FAN_IN,Fan-in hub: 3 unique senders
C163843738,0.3,FAN_IN,Fan-in hub: 3 unique senders
C1638853425,0.3,FAN_IN,Fan-in hub: 3 unique senders
C1639481383,0.3,FAN_IN,Fan-in hub: 3 unique senders
C1639830242,0.3,FAN_IN,Fan-in hub: 3 unique senders
C1640238306,0.3,FAN_IN,Fan-in hub: 3 unique senders
C164024989,0.3,FAN_IN,Fan-in hub: 3 unique senders
C1640442635,0.3,FAN_IN,Fan-in hub: 3 unique senders
C1640568579,0.3,FAN_IN,Fan-in hub: 3 unique senders
C1598788474,0.3,FAN_IN,Fan-in hub: 3 unique senders
C159770766,0.3,FAN_IN,Fan-in hub: 3 unique senders
C1662412990,0.3,FAN_IN,Fan-in hub: 3 unique senders
C1556580897,0.3,FAN_IN,Fan-in hub: 3 unique senders
C1552275825,0.3,FAN_IN,Fan-in hub: 3 unique senders
C1554413884,0.3,FAN_IN,Fan-in hub: 3 unique senders
C1555135145,0.3,FAN_IN,Fan-in hub: 3 unique senders
C15555775,0.3,FAN_IN,Fan-in hub: 3 unique senders
C1556007556,0.3,FAN_IN,Fan-in hub: 3 unique senders
C1556364823,0.3,FAN_IN,Fan-in hub: 3 unique senders
C155639753,0.3,FAN_IN,Fan-in hub: 3 unique senders
C1556976897,0.3,FAN_IN,Fan-in hub: 3 unique senders
C1563456009,0.3,FAN_IN,Fan-in hub: 3 unique senders
C1557248041,0.3,FAN_IN,Fan-in hub: 3 unique senders
C1557979171,0.3,FAN_IN,Fan-in hub: 3 unique senders
C1558138581,0.3,FAN_IN,Fan-in hub: 3 unique senders
C1560114379,0.3,FAN_IN,Fan-in hub: 3 unique senders
C156038530,0.3,FAN_IN,Fan-in hub: 3 unique senders
C1561093434,0.3,FAN_IN,Fan-in hub: 3 unique senders
C1561596672,0.3,FAN_IN,Fan-in hub: 3 unique senders
C154881805,0.3,FAN_IN,Fan-in hub: 3 unique senders
C1548713699,0.3,FAN_IN,Fan-in hub: 3 unique senders
C154847705,0.3,FAN_IN,Fan-in hub: 3 unique senders
C154819257,0.3,FAN_IN,Fan-in hub: 3 unique senders
C1538188299,0.3,FAN_IN,Fan-in hub: 3 unique senders
C153837846,0.3,FAN_IN,Fan-in hub: 3 unique senders
C1538831892,0.3,FAN_IN,Fan-in hub: 3 unique senders
C1539067329,0.3,FAN_IN,Fan-in hub: 3 unique senders
C1539333363,0.3,FAN_IN,Fan-in hub: 3 unique senders
C1541873528,0.3,FAN_IN,Fan-in hub: 3 unique senders
C1542074484,0.3,FAN_IN,Fan-in hub: 3 unique senders
C1543108527,0.3,FAN_IN,Fan-in hub: 3 unique senders
C1543717199,0.3,FAN_IN,Fan-in hub: 3 unique senders
C1544111650,0.3,FAN_IN,Fan-in hub: 3 unique senders
C1544158131,0.3,FAN_IN,Fan-in hub: 3 unique senders
C1544335377,0.3,FAN_IN,Fan-in hub: 3 unique senders
C1545513126,0.3,FAN_IN,Fan-in hub: 3 unique senders
C1546591714,0.3,FAN_IN,Fan-in hub: 3 unique senders
C1546641634,0.3,FAN_IN,Fan-in hub: 3 unique senders
C1561980931,0.3,FAN_IN,Fan-in hub: 3 unique senders
C1564127458,0.3,FAN_IN,Fan-in hub: 3 unique senders
C1596731580,0.3,FAN_IN,Fan-in hub: 3 unique senders
C1590662729,0.3,FAN_IN,Fan-in hub: 3 unique senders
C1583555978,0.3,FAN_IN,Fan-in hub: 3 unique senders
C1583596660,0.3,FAN_IN,Fan-in hub: 3 unique senders
C1584582793,0.3,FAN_IN,Fan-in hub: 3 unique senders
C1586119897,0.3,FAN_IN,Fan-in hub: 3 unique senders
C1588878528,0.3,FAN_IN,Fan-in hub: 3 unique senders
C1589762490,0.3,FAN_IN,Fan-in hub: 3 unique senders
C1590531290,0.3,FAN_IN,Fan-in hub: 3 unique senders
C1590681064,0.3,FAN_IN,Fan-in hub: 3 unique senders
C1565169904,0.3,FAN_IN,Fan-in hub: 3 unique senders
C1592030215,0.3,FAN_IN,Fan-in hub: 3 unique senders
C1592478372,0.3,FAN_IN,Fan-in hub: 3 unique senders
C1593362596,0.3,FAN_IN,Fan-in hub: 3 unique senders
C1593994892,0.3,FAN_IN,Fan-in hub: 3 unique senders
C1594555313,0.3,FAN_IN,Fan-in hub: 3 unique senders
C1595254433,0.3,FAN_IN,Fan-in hub: 3 unique senders
C1595427794,0.3,FAN_IN,Fan-in hub: 3 unique senders
C1582662214,0.3,FAN_IN,Fan-in hub: 3 unique senders
C158214017,0.3,FAN_IN,Fan-in hub: 3 unique senders
C1580132715,0.3,FAN_IN,Fan-in hub: 3 unique senders
C1579821297,0.3,FAN_IN,Fan-in hub: 3 unique senders
C1565830234,0.3,FAN_IN,Fan-in hub: 3 unique senders
C1566027367,0.3,FAN_IN,Fan-in hub: 3 unique senders
C1566705086,0.3,FAN_IN,Fan-in hub: 3 unique senders
C1567468211,0.3,FAN_IN,Fan-in hub: 3 unique senders
C1567540740,0.3,FAN_IN,Fan-in hub: 3 unique senders
C1568348584,0.3,FAN_IN,Fan-in hub: 3 unique senders
C1573439212,0.3,FAN_IN,Fan-in hub: 3 unique senders
C1575054130,0.3,FAN_IN,Fan-in hub: 3 unique senders
C1575219916,0.3,FAN_IN,Fan-in hub: 3 unique senders
C1575356753,0.3,FAN_IN,Fan-in hub: 3 unique senders
C1575806012,0.3,FAN_IN,Fan-in hub: 3 unique senders
C157627543,0.3,FAN_IN,Fan-in hub: 3 unique senders
C1576836568,0.3,FAN_IN,Fan-in hub: 3 unique senders
C157746876,0.3,FAN_IN,Fan-in hub: 3 unique senders
C1577718390,0.3,FAN_IN,Fan-in hub: 3 unique senders
C1660760802,0.3,FAN_IN,Fan-in hub: 3 unique senders
C1663330184,0.3,FAN_IN,Fan-in hub: 3 unique senders
C1789487205,0.3,FAN_IN,Fan-in hub: 3 unique senders
C1740799718,0.3,FAN_IN,Fan-in hub: 3 unique senders
C1737284047,0.3,FAN_IN,Fan-in hub: 3 unique senders
C1738202515,0.3,FAN_IN,Fan-in hub: 3 unique senders
C1738447158,0.3,FAN_IN,Fan-in hub: 3 unique senders
C1738448285,0.3,FAN_IN,Fan-in hub: 3 unique senders
C1739310208,0.3,FAN_IN,Fan-in hub: 3 unique senders
C1739649463,0.3,FAN_IN,Fan-in hub: 3 unique senders
C1740591158,0.3,FAN_IN,Fan-in hub: 3 unique senders
C1740905478,0.3,FAN_IN,Fan-in hub: 3 unique senders
C1750806429,0.3,FAN_IN,Fan-in hub: 3 unique senders
C1742316861,0.3,FAN_IN,Fan-in hub: 3 unique senders
C1744283364,0.3,FAN_IN,Fan-in hub: 3 unique senders
C1744437631,0.3,FAN_IN,Fan-in hub: 3 unique senders
C1744745936,0.3,FAN_IN,Fan-in hub: 3 unique senders
C1745293665,0.3,FAN_IN,Fan-in hub: 3 unique senders
C1745825059,0.3,FAN_IN,Fan-in hub: 3 unique senders
C1747868791,0.3,FAN_IN,Fan-in hub: 3 unique senders
C173718178,0.3,FAN_IN,Fan-in hub: 3 unique senders
C1736387256,0.3,FAN_IN,Fan-in hub: 3 unique senders
C1734674888,0.3,FAN_IN,Fan-in hub: 3 unique senders
C1734555723,0.3,FAN_IN,Fan-in hub: 3 unique senders
C1723985603,0.3,FAN_IN,Fan-in hub: 3 unique senders
C1724326613,0.3,FAN_IN,Fan-in hub: 3 unique senders
C1724534111,0.3,FAN_IN,Fan-in hub: 3 unique senders
C1725260538,0.3,FAN_IN,Fan-in hub: 3 unique senders
C1726859186,0.3,FAN_IN,Fan-in hub: 3 unique senders
C1727835183,0.3,FAN_IN,Fan-in hub: 3 unique senders
C1727955811,0.3,FAN_IN,Fan-in hub: 3 unique senders
C1728114472,0.3,FAN_IN,Fan-in hub: 3 unique senders
C1729613611,0.3,FAN_IN,Fan-in hub: 3 unique senders
C1730951040,0.3,FAN_IN,Fan-in hub: 3 unique senders
C1731668901,0.3,FAN_IN,Fan-in hub: 3 unique senders
C1731742535,0.3,FAN_IN,Fan-in hub: 3 unique senders
C1732628195,0.3,FAN_IN,Fan-in hub: 3 unique senders
C1732971511,0.3,FAN_IN,Fan-in hub: 3 unique senders
C1733271749,0.3,FAN_IN,Fan-in hub: 3 unique senders
C1749981082,0.3,FAN_IN,Fan-in hub: 3 unique senders
C175125997,0.3,FAN_IN,Fan-in hub: 3 unique senders
C1723664289,0.3,FAN_IN,Fan-in hub: 3 unique senders
C1778037882,0.3,FAN_IN,Fan-in hub: 3 unique senders
C1771534019,0.3,FAN_IN,Fan-in hub: 3 unique senders
C1773562235,0.3,FAN_IN,Fan-in hub: 3 unique senders
C1774766937,0.3,FAN_IN,Fan-in hub: 3 unique senders
C1775960070,0.3,FAN_IN,Fan-in hub: 3 unique senders
C1776427193,0.3,FAN_IN,Fan-in hub: 3 unique senders
C1776909728,0.3,FAN_IN,Fan-in hub: 3 unique senders
C1777125085,0.3,FAN_IN,Fan-in hub: 3 unique senders
C1778093966,0.3,FAN_IN,Fan-in hub: 3 unique senders
C1751628461,0.3,FAN_IN,Fan-in hub: 3 unique senders
C1779468096,0.3,FAN_IN,Fan-in hub: 3 unique senders
C1783870825,0.3,FAN_IN,Fan-in hub: 3 unique senders
C1784461447,0.3,FAN_IN,Fan-in hub: 3 unique senders
C1786726575,0.3,FAN_IN,Fan-in hub: 3 unique senders
C1786942211,0.3,FAN_IN,Fan-in hub: 3 unique senders
C1787235849,0.3,FAN_IN,Fan-in hub: 3 unique senders
C1788262880,0.3,FAN_IN,Fan-in hub: 3 unique senders
C1771469594,0.3,FAN_IN,Fan-in hub: 3 unique senders
C1770505013,0.3,FAN_IN,Fan-in hub: 3 unique senders
C1770064499,0.3,FAN_IN,Fan-in hub: 3 unique senders
C1769211212,0.3,FAN_IN,Fan-in hub: 3 unique senders
C1752343325,0.3,FAN_IN,Fan-in hub: 3 unique senders
C1752584486,0.3,FAN_IN,Fan-in hub: 3 unique senders
C1753467290,0.3,FAN_IN,Fan-in hub: 3 unique senders
C175395018,0.3,FAN_IN,Fan-in hub: 3 unique senders
C175616888,0.3,FAN_IN,Fan-in hub: 3 unique senders
C1757583330,0.3,FAN_IN,Fan-in hub: 3 unique senders
C1757870519,0.3,FAN_IN,Fan-in hub: 3 unique senders
C175831105,0.3,FAN_IN,Fan-in hub: 3 unique senders
C175844463,0.3,FAN_IN,Fan-in hub: 3 unique senders
C1759013807,0.3,FAN_IN,Fan-in hub: 3 unique senders
C1759432374,0.3,FAN_IN,Fan-in hub: 3 unique senders
C1764168951,0.3,FAN_IN,Fan-in hub: 3 unique senders
C1764271944,0.3,FAN_IN,Fan-in hub: 3 unique senders
C1765714902,0.3,FAN_IN,Fan-in hub: 3 unique senders
C1767605128,0.3,FAN_IN,Fan-in hub: 3 unique senders
C172370288,0.3,FAN_IN,Fan-in hub: 3 unique senders
C1723613031,0.3,FAN_IN,Fan-in hub: 3 unique senders
C1663340631,0.3,FAN_IN,Fan-in hub: 3 unique senders
C1678032781,0.3,FAN_IN,Fan-in hub: 3 unique senders
C1674372940,0.3,FAN_IN,Fan-in hub: 3 unique senders
C1674681151,0.3,FAN_IN,Fan-in hub: 3 unique senders
C1675306234,0.3,FAN_IN,Fan-in hub: 3 unique senders
C1676164843,0.3,FAN_IN,Fan-in hub: 3 unique senders
C1676196345,0.3,FAN_IN,Fan-in hub: 3 unique senders
C167635188,0.3,FAN_IN,Fan-in hub: 3 unique senders
C1676791471,0.3,FAN_IN,Fan-in hub: 3 unique senders
C1678205108,0.3,FAN_IN,Fan-in hub: 3 unique senders
C1687045124,0.3,FAN_IN,Fan-in hub: 3 unique senders
C1679137442,0.3,FAN_IN,Fan-in hub: 3 unique senders
C1680254794,0.3,FAN_IN,Fan-in hub: 3 unique senders
C1680402631,0.3,FAN_IN,Fan-in hub: 3 unique senders
C1681528120,0.3,FAN_IN,Fan-in hub: 3 unique senders
C1681978926,0.3,FAN_IN,Fan-in hub: 3 unique senders
C1683557924,0.3,FAN_IN,Fan-in hub: 3 unique senders
C1685319844,0.3,FAN_IN,Fan-in hub: 3 unique senders
C1674259847,0.3,FAN_IN,Fan-in hub: 3 unique senders
C1673530251,0.3,FAN_IN,Fan-in hub: 3 unique senders
C1673255040,0.3,FAN_IN,Fan-in hub: 3 unique senders
C1673048083,0.3,FAN_IN,Fan-in hub: 3 unique senders
C166387148,0.3,FAN_IN,Fan-in hub: 3 unique senders
C1664975963,0.3,FAN_IN,Fan-in hub: 3 unique senders
C1665445837,0.3,FAN_IN,Fan-in hub: 3 unique senders
C1666596661,0.3,FAN_IN,Fan-in hub: 3 unique senders
C1667196924,0.3,FAN_IN,Fan-in hub: 3 unique senders
C1668376627,0.3,FAN_IN,Fan-in hub: 3 unique senders
C1668487389,0.3,FAN_IN,Fan-in hub: 3 unique senders
C1668809947,0.3,FAN_IN,Fan-in hub: 3 unique senders
C1669726921,0.3,FAN_IN,Fan-in hub: 3 unique senders
C1669818195,0.3,FAN_IN,Fan-in hub: 3 unique senders
C1671062178,0.3,FAN_IN,Fan-in hub: 3 unique senders
C1671658443,0.3,FAN_IN,Fan-in hub: 3 unique senders
C1671800290,0.3,FAN_IN,Fan-in hub: 3 unique senders
C1672319966,0.3,FAN_IN,Fan-in hub: 3 unique senders
C1672509233,0.3,FAN_IN,Fan-in hub: 3 unique senders
C168611895,0.3,FAN_IN,Fan-in hub: 3 unique senders
C1688071442,0.3,FAN_IN,Fan-in hub: 3 unique senders
C172360522,0.3,FAN_IN,Fan-in hub: 3 unique senders
C1718409146,0.3,FAN_IN,Fan-in hub: 3 unique senders
C1708683454,0.3,FAN_IN,Fan-in hub: 3 unique senders
C1712200566,0.3,FAN_IN,Fan-in hub: 3 unique senders
C1712592827,0.3,FAN_IN,Fan-in hub: 3 unique senders
C1714840348,0.3,FAN_IN,Fan-in hub: 3 unique senders
C171565620,0.3,FAN_IN,Fan-in hub: 3 unique senders
C1716238501,0.3,FAN_IN,Fan-in hub: 3 unique senders
C1718029258,0.3,FAN_IN,Fan-in hub: 3 unique senders
C1720107242,0.3,FAN_IN,Fan-in hub: 3 unique senders
C1689967045,0.3,FAN_IN,Fan-in hub: 3 unique senders
C1720112356,0.3,FAN_IN,Fan-in hub: 3 unique senders
C1720702910,0.3,FAN_IN,Fan-in hub: 3 unique senders
C1720703167,0.3,FAN_IN,Fan-in hub: 3 unique senders
C1721078010,0.3,FAN_IN,Fan-in hub: 3 unique senders
C1721207765,0.3,FAN_IN,Fan-in hub: 3 unique senders
C1722615535,0.3,FAN_IN,Fan-in hub: 3 unique senders
C1723463463,0.3,FAN_IN,Fan-in hub: 3 unique senders
C1708664134,0.3,FAN_IN,Fan-in hub: 3 unique senders
C1707925377,0.3,FAN_IN,Fan-in hub: 3 unique senders
C1707792148,0.3,FAN_IN,Fan-in hub: 3 unique senders
C1707386206,0.3,FAN_IN,Fan-in hub: 3 unique senders
C1690488772,0.3,FAN_IN,Fan-in hub: 3 unique senders
C1690676111,0.3,FAN_IN,Fan-in hub: 3 unique senders
C1691321020,0.3,FAN_IN,Fan-in hub: 3 unique senders
C1691894827,0.3,FAN_IN,Fan-in hub: 3 unique senders
C1693861053,0.3,FAN_IN,Fan-in hub: 3 unique senders
C1695279760,0.3,FAN_IN,Fan-in hub: 3 unique senders
C1697225323,0.3,FAN_IN,Fan-in hub: 3 unique senders
C1698661888,0.3,FAN_IN,Fan-in hub: 3 unique senders
C1703230984,0.3,FAN_IN,Fan-in hub: 3 unique senders
C1703355649,0.3,FAN_IN,Fan-in hub: 3 unique senders
C1704840479,0.3,FAN_IN,Fan-in hub: 3 unique senders
C1704854277,0.3,FAN_IN,Fan-in hub: 3 unique senders
C1704964895,0.3,FAN_IN,Fan-in hub: 3 unique senders
C1705721184,0.3,FAN_IN,Fan-in hub: 3 unique senders
C1705969285,0.3,FAN_IN,Fan-in hub: 3 unique senders
C2002718793,0.3,FAN_IN,Fan-in hub: 3 unique senders
